"","filesName","TCGA_Barcode"
"c9381f51-ec09-4487-88a4-8e94452e4893.htseq.counts.gz","c9381f51-ec09-4487-88a4-8e94452e4893.htseq.counts.gz","TCGA-44-7671-01A-11R-2066-07"
"fde67178-6278-4872-a2c4-cfa32f71fdbe.htseq.counts.gz","fde67178-6278-4872-a2c4-cfa32f71fdbe.htseq.counts.gz","TCGA-49-6744-11A-01R-1858-07"
"2525f105-0ebf-461c-a69c-03bf8ef1e42f.htseq.counts.gz","2525f105-0ebf-461c-a69c-03bf8ef1e42f.htseq.counts.gz","TCGA-05-4432-01A-01R-1206-07"
"ac3af473-48c0-4fb1-9f31-56ba6fa744c1.htseq.counts.gz","ac3af473-48c0-4fb1-9f31-56ba6fa744c1.htseq.counts.gz","TCGA-86-7701-01A-11R-2170-07"
"287715d0-5667-434b-b104-9de5b5843877.htseq.counts.gz","287715d0-5667-434b-b104-9de5b5843877.htseq.counts.gz","TCGA-97-A4M1-01A-11R-A24X-07"
"057c6a18-e5f2-4eba-9c20-c483c5a67cc3.htseq.counts.gz","057c6a18-e5f2-4eba-9c20-c483c5a67cc3.htseq.counts.gz","TCGA-44-2662-01B-02R-A277-07"
"36cd6a8c-1c63-44d3-9276-ba9fe9c155ea.htseq.counts.gz","36cd6a8c-1c63-44d3-9276-ba9fe9c155ea.htseq.counts.gz","TCGA-55-7284-01B-11R-2241-07"
"6ff63517-62d2-4083-96d5-9e033d3b1c1b.htseq.counts.gz","6ff63517-62d2-4083-96d5-9e033d3b1c1b.htseq.counts.gz","TCGA-95-7562-01A-11R-2241-07"
"1b503435-1ff4-4e3f-b07e-96adbe94549a.htseq.counts.gz","1b503435-1ff4-4e3f-b07e-96adbe94549a.htseq.counts.gz","TCGA-50-5930-01A-11R-1755-07"
"9f64d4a4-e4ad-4ee1-89a1-049b78956bcb.htseq.counts.gz","9f64d4a4-e4ad-4ee1-89a1-049b78956bcb.htseq.counts.gz","TCGA-91-6848-01A-11R-1949-07"
"2b5a102d-0462-4fee-a1f1-21dca1390db0.htseq.counts.gz","2b5a102d-0462-4fee-a1f1-21dca1390db0.htseq.counts.gz","TCGA-75-5147-01A-01R-1628-07"
"8e1d09e8-6dbd-408d-a839-f5bbebe30a57.htseq.counts.gz","8e1d09e8-6dbd-408d-a839-f5bbebe30a57.htseq.counts.gz","TCGA-55-8615-01A-11R-2403-07"
"45bf5217-97bc-4516-b9f4-8fa1356c75d5.htseq.counts.gz","45bf5217-97bc-4516-b9f4-8fa1356c75d5.htseq.counts.gz","TCGA-91-6830-01A-11R-1949-07"
"01667231-844e-4f98-905c-c0ecafee35b5.htseq.counts.gz","01667231-844e-4f98-905c-c0ecafee35b5.htseq.counts.gz","TCGA-75-5122-01A-01R-1755-07"
"a9b9f900-b114-48b4-95c7-41793107169f.htseq.counts.gz","a9b9f900-b114-48b4-95c7-41793107169f.htseq.counts.gz","TCGA-93-A4JO-01A-21R-A24X-07"
"9a07164a-711f-460d-a2cb-43651c85bcde.htseq.counts.gz","9a07164a-711f-460d-a2cb-43651c85bcde.htseq.counts.gz","TCGA-73-4659-01A-01R-1206-07"
"719e930d-dd49-4e49-97ed-7ce1f253f3cf.htseq.counts.gz","719e930d-dd49-4e49-97ed-7ce1f253f3cf.htseq.counts.gz","TCGA-97-7937-01A-11R-2170-07"
"7d77efb6-ce73-4e81-8cf3-957835f58334.htseq.counts.gz","7d77efb6-ce73-4e81-8cf3-957835f58334.htseq.counts.gz","TCGA-55-A493-01A-11R-A24H-07"
"4c8648f5-26ca-4550-b51b-bd2228b1e8e0.htseq.counts.gz","4c8648f5-26ca-4550-b51b-bd2228b1e8e0.htseq.counts.gz","TCGA-86-7955-01A-11R-2187-07"
"4545348f-bbfe-4f68-826f-3fb2b019a328.htseq.counts.gz","4545348f-bbfe-4f68-826f-3fb2b019a328.htseq.counts.gz","TCGA-NJ-A4YG-01A-22R-A262-07"
"10e453a6-8c30-456c-9a8a-f1195b6122f4.htseq.counts.gz","10e453a6-8c30-456c-9a8a-f1195b6122f4.htseq.counts.gz","TCGA-99-7458-01A-11R-2039-07"
"5061303f-9743-4495-a9ea-a5c579992525.htseq.counts.gz","5061303f-9743-4495-a9ea-a5c579992525.htseq.counts.gz","TCGA-05-4398-01A-01R-1206-07"
"2c2df194-4ed9-4b96-9b19-3b7988bd6d81.htseq.counts.gz","2c2df194-4ed9-4b96-9b19-3b7988bd6d81.htseq.counts.gz","TCGA-NJ-A4YP-01A-11R-A262-07"
"92f18d53-5c6f-42cb-9cce-b3100d72deb2.htseq.counts.gz","92f18d53-5c6f-42cb-9cce-b3100d72deb2.htseq.counts.gz","TCGA-55-7995-01A-11R-2187-07"
"b375ca9f-6408-496f-83c9-469c74ccc7a2.htseq.counts.gz","b375ca9f-6408-496f-83c9-469c74ccc7a2.htseq.counts.gz","TCGA-97-7553-01A-21R-2039-07"
"037b5a94-487e-4f5b-90a3-d696eb4a8a3e.htseq.counts.gz","037b5a94-487e-4f5b-90a3-d696eb4a8a3e.htseq.counts.gz","TCGA-55-7911-01A-11R-2170-07"
"ac5bc405-b210-4bf3-a4e6-6ff071aa59c7.htseq.counts.gz","ac5bc405-b210-4bf3-a4e6-6ff071aa59c7.htseq.counts.gz","TCGA-44-6778-11A-01R-1858-07"
"d0d7fae1-355e-4ada-a469-b69d59c1edfe.htseq.counts.gz","d0d7fae1-355e-4ada-a469-b69d59c1edfe.htseq.counts.gz","TCGA-05-4390-01A-02R-1755-07"
"2c9d9875-4237-410c-afc2-15d06a034d20.htseq.counts.gz","2c9d9875-4237-410c-afc2-15d06a034d20.htseq.counts.gz","TCGA-50-5055-01A-01R-1628-07"
"4d36e127-5fad-4b97-afff-28f4bdbf5f5d.htseq.counts.gz","4d36e127-5fad-4b97-afff-28f4bdbf5f5d.htseq.counts.gz","TCGA-55-8301-01A-11R-2287-07"
"ce0b61e5-ee68-4577-896c-aa3f2894fb36.htseq.counts.gz","ce0b61e5-ee68-4577-896c-aa3f2894fb36.htseq.counts.gz","TCGA-55-A48X-01A-11R-A24H-07"
"05d2b1e9-22a4-4369-b622-63846d672875.htseq.counts.gz","05d2b1e9-22a4-4369-b622-63846d672875.htseq.counts.gz","TCGA-MP-A4T6-01A-32R-A262-07"
"2e9ba05e-9255-4556-9cd2-78f7bca06f3f.htseq.counts.gz","2e9ba05e-9255-4556-9cd2-78f7bca06f3f.htseq.counts.gz","TCGA-NJ-A55O-01A-11R-A262-07"
"1142583c-2ca0-4f95-a94b-6f1a35ab1580.htseq.counts.gz","1142583c-2ca0-4f95-a94b-6f1a35ab1580.htseq.counts.gz","TCGA-86-8359-01A-11R-2326-07"
"b8ab62ef-0259-4df2-95b6-843a150d11ca.htseq.counts.gz","b8ab62ef-0259-4df2-95b6-843a150d11ca.htseq.counts.gz","TCGA-44-6775-01A-11R-1858-07"
"1aeb8b9e-bf79-415d-a8dd-a63c3fbe2bab.htseq.counts.gz","1aeb8b9e-bf79-415d-a8dd-a63c3fbe2bab.htseq.counts.gz","TCGA-55-6982-11A-01R-1949-07"
"cb537a4c-7b5c-493f-8dea-6fd0107e6c58.htseq.counts.gz","cb537a4c-7b5c-493f-8dea-6fd0107e6c58.htseq.counts.gz","TCGA-44-2655-01A-01R-0946-07"
"06db23e3-2dc3-4da9-915e-fe3d4a091de5.htseq.counts.gz","06db23e3-2dc3-4da9-915e-fe3d4a091de5.htseq.counts.gz","TCGA-NJ-A4YI-01A-11R-A262-07"
"3fbe693e-0d6c-4866-8b4d-2e9738c93e8d.htseq.counts.gz","3fbe693e-0d6c-4866-8b4d-2e9738c93e8d.htseq.counts.gz","TCGA-55-6980-01A-11R-1949-07"
"0707ddc2-77f7-41e2-ad4c-783673d0ecbe.htseq.counts.gz","0707ddc2-77f7-41e2-ad4c-783673d0ecbe.htseq.counts.gz","TCGA-83-5908-01A-21R-2287-07"
"112c839c-41b0-4864-8af1-3fda2e67e4b1.htseq.counts.gz","112c839c-41b0-4864-8af1-3fda2e67e4b1.htseq.counts.gz","TCGA-55-7570-01A-11R-2039-07"
"fdbe22dd-cc5e-465a-9bb4-5336ac42af75.htseq.counts.gz","fdbe22dd-cc5e-465a-9bb4-5336ac42af75.htseq.counts.gz","TCGA-49-4486-01A-01R-1206-07"
"0fca0e34-1499-410a-a5a1-561406245e03.htseq.counts.gz","0fca0e34-1499-410a-a5a1-561406245e03.htseq.counts.gz","TCGA-44-3396-01A-01R-1206-07"
"b9010a9a-7ee9-4f57-a1d3-5bba72acb67d.htseq.counts.gz","b9010a9a-7ee9-4f57-a1d3-5bba72acb67d.htseq.counts.gz","TCGA-38-4625-11A-01R-1758-07"
"2d683c1f-3a48-4bb8-84f9-bad6347c008b.htseq.counts.gz","2d683c1f-3a48-4bb8-84f9-bad6347c008b.htseq.counts.gz","TCGA-05-4249-01A-01R-1107-07"
"a7d6c6ab-c4c7-4d51-8aa6-5adb24f71754.htseq.counts.gz","a7d6c6ab-c4c7-4d51-8aa6-5adb24f71754.htseq.counts.gz","TCGA-44-A47A-01A-21R-A24H-07"
"3532ec0a-2563-420a-b71c-3dcc632ef477.htseq.counts.gz","3532ec0a-2563-420a-b71c-3dcc632ef477.htseq.counts.gz","TCGA-44-A479-01A-31R-A24H-07"
"ae538e05-955a-4e79-b42d-85ae4fdb50c4.htseq.counts.gz","ae538e05-955a-4e79-b42d-85ae4fdb50c4.htseq.counts.gz","TCGA-44-2655-11A-01R-1758-07"
"fd917385-0e99-45cc-91a2-f6bd48c8019d.htseq.counts.gz","fd917385-0e99-45cc-91a2-f6bd48c8019d.htseq.counts.gz","TCGA-50-5072-01A-21R-1858-07"
"a059cf08-5046-4a79-a82f-c07da2955035.htseq.counts.gz","a059cf08-5046-4a79-a82f-c07da2955035.htseq.counts.gz","TCGA-91-A4BD-01A-11R-A24H-07"
"7b3fca6d-8886-46b4-99fa-cc87e6790c9f.htseq.counts.gz","7b3fca6d-8886-46b4-99fa-cc87e6790c9f.htseq.counts.gz","TCGA-49-AARE-01A-11R-A41B-07"
"60be1c92-8f57-45b0-adc8-eb2f2d0e3805.htseq.counts.gz","60be1c92-8f57-45b0-adc8-eb2f2d0e3805.htseq.counts.gz","TCGA-97-8175-01A-11R-2287-07"
"0b07a88f-e7c7-4fcc-8b95-6a7674c436cc.htseq.counts.gz","0b07a88f-e7c7-4fcc-8b95-6a7674c436cc.htseq.counts.gz","TCGA-44-5645-01A-01R-A278-07"
"01fc4b6a-e68d-4a6f-b472-75d1620f4172.htseq.counts.gz","01fc4b6a-e68d-4a6f-b472-75d1620f4172.htseq.counts.gz","TCGA-91-A4BC-01A-11R-A24H-07"
"5d420937-4d97-4f04-9ce9-754054261d97.htseq.counts.gz","5d420937-4d97-4f04-9ce9-754054261d97.htseq.counts.gz","TCGA-71-6725-01A-11R-1858-07"
"17b2f230-8729-4609-8993-8df3fb3df994.htseq.counts.gz","17b2f230-8729-4609-8993-8df3fb3df994.htseq.counts.gz","TCGA-55-A494-01A-11R-A24X-07"
"959e98c8-c279-4178-acc2-0bb0c42ed5c2.htseq.counts.gz","959e98c8-c279-4178-acc2-0bb0c42ed5c2.htseq.counts.gz","TCGA-05-5715-01A-01R-1628-07"
"8c9a74f3-0562-4d9d-a0e6-27a151d5a534.htseq.counts.gz","8c9a74f3-0562-4d9d-a0e6-27a151d5a534.htseq.counts.gz","TCGA-49-AARO-01A-12R-A41B-07"
"76b6b60a-1e99-455c-a531-726d43773d70.htseq.counts.gz","76b6b60a-1e99-455c-a531-726d43773d70.htseq.counts.gz","TCGA-55-8208-01A-11R-2241-07"
"c5ed8e4f-a283-4605-88de-cadcac24d134.htseq.counts.gz","c5ed8e4f-a283-4605-88de-cadcac24d134.htseq.counts.gz","TCGA-55-7281-01A-11R-2039-07"
"e750282f-7315-46bb-9911-5bdac74fb1eb.htseq.counts.gz","e750282f-7315-46bb-9911-5bdac74fb1eb.htseq.counts.gz","TCGA-91-6829-01A-21R-1858-07"
"9d7486ce-efb9-413f-80b1-e47971625875.htseq.counts.gz","9d7486ce-efb9-413f-80b1-e47971625875.htseq.counts.gz","TCGA-38-4632-11A-01R-1755-07"
"ce69433a-55bd-4160-b1fa-85178fe0fce4.htseq.counts.gz","ce69433a-55bd-4160-b1fa-85178fe0fce4.htseq.counts.gz","TCGA-44-4112-01A-01R-1107-07"
"daefaee3-eb0e-4cf8-8807-f544128345e7.htseq.counts.gz","daefaee3-eb0e-4cf8-8807-f544128345e7.htseq.counts.gz","TCGA-44-7669-01A-21R-2066-07"
"47caf079-95ad-4c12-b8cf-fb333f72900d.htseq.counts.gz","47caf079-95ad-4c12-b8cf-fb333f72900d.htseq.counts.gz","TCGA-50-5068-01A-01R-1628-07"
"f1382ff6-7c8b-466e-b6fd-bb120c7031b1.htseq.counts.gz","f1382ff6-7c8b-466e-b6fd-bb120c7031b1.htseq.counts.gz","TCGA-38-4629-01A-02R-1206-07"
"96a02b1f-421c-40ee-8551-2b2f18709bcf.htseq.counts.gz","96a02b1f-421c-40ee-8551-2b2f18709bcf.htseq.counts.gz","TCGA-50-6590-01A-12R-1858-07"
"9c62a984-f89a-4838-af13-786468b293c1.htseq.counts.gz","9c62a984-f89a-4838-af13-786468b293c1.htseq.counts.gz","TCGA-44-6145-01A-11R-1755-07"
"11180707-ca2c-4933-bb99-df496bffcafb.htseq.counts.gz","11180707-ca2c-4933-bb99-df496bffcafb.htseq.counts.gz","TCGA-55-6969-11A-01R-1949-07"
"19f441a5-6db0-4ea3-8241-728b5e3fb86a.htseq.counts.gz","19f441a5-6db0-4ea3-8241-728b5e3fb86a.htseq.counts.gz","TCGA-69-8254-01A-11R-2287-07"
"f1af55bb-21e4-473b-ad35-906fdc6a7cf5.htseq.counts.gz","f1af55bb-21e4-473b-ad35-906fdc6a7cf5.htseq.counts.gz","TCGA-49-4506-01A-01R-1206-07"
"57b11e5d-265e-4f18-bfca-6f3eae207551.htseq.counts.gz","57b11e5d-265e-4f18-bfca-6f3eae207551.htseq.counts.gz","TCGA-86-8673-01A-11R-2403-07"
"34dfd211-d264-4904-b595-a50b36f15c36.htseq.counts.gz","34dfd211-d264-4904-b595-a50b36f15c36.htseq.counts.gz","TCGA-91-6831-01A-11R-1858-07"
"22c44a19-4cbb-4950-acf5-8d23a3fcb0a7.htseq.counts.gz","22c44a19-4cbb-4950-acf5-8d23a3fcb0a7.htseq.counts.gz","TCGA-86-6851-01A-11R-1949-07"
"3d936a71-67c1-4173-82a4-12a667bcf3e9.htseq.counts.gz","3d936a71-67c1-4173-82a4-12a667bcf3e9.htseq.counts.gz","TCGA-55-6979-01A-11R-1949-07"
"ba4cd1d6-7233-400e-9b74-11c0561193bf.htseq.counts.gz","ba4cd1d6-7233-400e-9b74-11c0561193bf.htseq.counts.gz","TCGA-50-5930-11A-01R-1755-07"
"ac6fccd6-d05f-40c7-9afe-82fa33ce919a.htseq.counts.gz","ac6fccd6-d05f-40c7-9afe-82fa33ce919a.htseq.counts.gz","TCGA-64-1676-01A-01R-0946-07"
"378bba31-bcf1-49a1-b1ff-e14278f7054c.htseq.counts.gz","378bba31-bcf1-49a1-b1ff-e14278f7054c.htseq.counts.gz","TCGA-69-7980-01A-11R-2187-07"
"bdd19fdc-232a-4d2a-9574-91eaf87d9abf.htseq.counts.gz","bdd19fdc-232a-4d2a-9574-91eaf87d9abf.htseq.counts.gz","TCGA-55-8204-01A-11R-2241-07"
"0549c0d2-137d-4de8-8578-f043523b56c1.htseq.counts.gz","0549c0d2-137d-4de8-8578-f043523b56c1.htseq.counts.gz","TCGA-55-8614-01A-11R-2403-07"
"f0051b3a-479d-4410-ab85-270618818492.htseq.counts.gz","f0051b3a-479d-4410-ab85-270618818492.htseq.counts.gz","TCGA-64-5781-01A-01R-1628-07"
"12e07df9-d348-41de-9b87-9da18df6934b.htseq.counts.gz","12e07df9-d348-41de-9b87-9da18df6934b.htseq.counts.gz","TCGA-38-4627-01A-01R-1206-07"
"2c90459c-9341-4555-bf34-0d6c179751f2.htseq.counts.gz","2c90459c-9341-4555-bf34-0d6c179751f2.htseq.counts.gz","TCGA-95-7944-01A-11R-2187-07"
"7f147a1b-4ca6-481b-a79d-be653bbff528.htseq.counts.gz","7f147a1b-4ca6-481b-a79d-be653bbff528.htseq.counts.gz","TCGA-64-1679-01A-21R-2066-07"
"3ce57f19-ef4b-4bb9-8530-eb0752975f4b.htseq.counts.gz","3ce57f19-ef4b-4bb9-8530-eb0752975f4b.htseq.counts.gz","TCGA-50-5066-01A-01R-1628-07"
"dfb56742-389a-4c33-992e-8b3014c882e0.htseq.counts.gz","dfb56742-389a-4c33-992e-8b3014c882e0.htseq.counts.gz","TCGA-44-6776-11A-01R-1858-07"
"397e302e-393e-4f54-b360-fcffe394271e.htseq.counts.gz","397e302e-393e-4f54-b360-fcffe394271e.htseq.counts.gz","TCGA-78-7166-01A-12R-2066-07"
"708a03d3-8774-4c63-a04e-c4d3d85fd4ec.htseq.counts.gz","708a03d3-8774-4c63-a04e-c4d3d85fd4ec.htseq.counts.gz","TCGA-38-4630-01A-01R-1206-07"
"fee154e0-ff94-402d-91e3-6c3d458bee00.htseq.counts.gz","fee154e0-ff94-402d-91e3-6c3d458bee00.htseq.counts.gz","TCGA-S2-AA1A-01A-12R-A39D-07"
"69918dce-8729-48a2-8294-a8b6b72c02e7.htseq.counts.gz","69918dce-8729-48a2-8294-a8b6b72c02e7.htseq.counts.gz","TCGA-49-4514-01A-21R-1858-07"
"653ffc71-52ca-473e-8ce4-c934932baa8c.htseq.counts.gz","653ffc71-52ca-473e-8ce4-c934932baa8c.htseq.counts.gz","TCGA-49-4488-01A-01R-1755-07"
"04b28f00-f45e-422b-aadc-32039ef6b63d.htseq.counts.gz","04b28f00-f45e-422b-aadc-32039ef6b63d.htseq.counts.gz","TCGA-75-6206-01A-11R-1755-07"
"d0918436-f01a-49c3-afba-5c29f4076f6c.htseq.counts.gz","d0918436-f01a-49c3-afba-5c29f4076f6c.htseq.counts.gz","TCGA-73-4670-01A-01R-1206-07"
"20a96363-a968-445a-bd9a-96b27e403516.htseq.counts.gz","20a96363-a968-445a-bd9a-96b27e403516.htseq.counts.gz","TCGA-64-1680-01A-02R-0946-07"
"783a2365-c4a2-4db4-ab14-d52e603d8230.htseq.counts.gz","783a2365-c4a2-4db4-ab14-d52e603d8230.htseq.counts.gz","TCGA-44-2662-11A-01R-1758-07"
"e9889edc-cfbf-4213-9629-fde30511bd63.htseq.counts.gz","e9889edc-cfbf-4213-9629-fde30511bd63.htseq.counts.gz","TCGA-73-7498-01A-12R-2187-07"
"05028ec2-a686-4965-8351-e70c6537091a.htseq.counts.gz","05028ec2-a686-4965-8351-e70c6537091a.htseq.counts.gz","TCGA-38-4626-01A-01R-1206-07"
"e2e299f4-252f-4405-8245-2eb707337c26.htseq.counts.gz","e2e299f4-252f-4405-8245-2eb707337c26.htseq.counts.gz","TCGA-55-6968-11A-01R-1949-07"
"6188f79f-599d-45ff-802f-d1ee94b97b22.htseq.counts.gz","6188f79f-599d-45ff-802f-d1ee94b97b22.htseq.counts.gz","TCGA-NJ-A4YQ-01A-11R-A262-07"
"15ba502e-9015-4666-9fb2-046692b22322.htseq.counts.gz","15ba502e-9015-4666-9fb2-046692b22322.htseq.counts.gz","TCGA-MP-A4SW-01A-21R-A24X-07"
"4dc43045-bf76-47df-a7d1-1cdfeed6b471.htseq.counts.gz","4dc43045-bf76-47df-a7d1-1cdfeed6b471.htseq.counts.gz","TCGA-86-8672-01A-21R-2403-07"
"372ab2b4-31f7-4e79-962e-ce2b4a385c12.htseq.counts.gz","372ab2b4-31f7-4e79-962e-ce2b4a385c12.htseq.counts.gz","TCGA-44-6147-01B-06R-A277-07"
"20870a8f-9d0a-41a0-90b6-f0f51a03e3e5.htseq.counts.gz","20870a8f-9d0a-41a0-90b6-f0f51a03e3e5.htseq.counts.gz","TCGA-78-7163-01A-12R-2066-07"
"f4a1e772-2a5e-4c0a-803a-1bdb2b376a47.htseq.counts.gz","f4a1e772-2a5e-4c0a-803a-1bdb2b376a47.htseq.counts.gz","TCGA-55-6971-11A-01R-1949-07"
"21e82bf2-237f-4f8f-86d0-aaf2ea5c4729.htseq.counts.gz","21e82bf2-237f-4f8f-86d0-aaf2ea5c4729.htseq.counts.gz","TCGA-44-3918-01A-01R-1107-07"
"d726987a-4c0d-47bd-ac66-fc1d1172fa95.htseq.counts.gz","d726987a-4c0d-47bd-ac66-fc1d1172fa95.htseq.counts.gz","TCGA-86-8074-01A-11R-2241-07"
"41059154-b4e8-4b61-9600-8b19262ccab0.htseq.counts.gz","41059154-b4e8-4b61-9600-8b19262ccab0.htseq.counts.gz","TCGA-44-8117-01A-11R-2241-07"
"c03b9756-2611-404f-ba89-79e7143381bb.htseq.counts.gz","c03b9756-2611-404f-ba89-79e7143381bb.htseq.counts.gz","TCGA-50-6597-01A-11R-1858-07"
"d3771f3a-ebc8-4ed6-97f9-6d6003d8470a.htseq.counts.gz","d3771f3a-ebc8-4ed6-97f9-6d6003d8470a.htseq.counts.gz","TCGA-38-4627-11A-01R-1758-07"
"12f480e2-870d-4812-b5e1-b65ab4abf568.htseq.counts.gz","12f480e2-870d-4812-b5e1-b65ab4abf568.htseq.counts.gz","TCGA-50-8459-01A-11R-2326-07"
"c1ed5a99-73d9-443d-a32e-222705cb6a3a.htseq.counts.gz","c1ed5a99-73d9-443d-a32e-222705cb6a3a.htseq.counts.gz","TCGA-NJ-A55R-01A-11R-A262-07"
"c8fb3217-2cc9-47c0-84b6-b666c07624e6.htseq.counts.gz","c8fb3217-2cc9-47c0-84b6-b666c07624e6.htseq.counts.gz","TCGA-49-4510-01A-01R-1206-07"
"47b14505-ca81-4d39-8eca-0cb773f8934e.htseq.counts.gz","47b14505-ca81-4d39-8eca-0cb773f8934e.htseq.counts.gz","TCGA-38-4628-01A-01R-1206-07"
"dc0ce32f-d5aa-489f-ba4b-e01443815121.htseq.counts.gz","dc0ce32f-d5aa-489f-ba4b-e01443815121.htseq.counts.gz","TCGA-75-6212-01A-11R-1755-07"
"23894b02-d2b5-4a15-a11f-cf81d9d97f53.htseq.counts.gz","23894b02-d2b5-4a15-a11f-cf81d9d97f53.htseq.counts.gz","TCGA-55-6975-01A-11R-1949-07"
"989ceb12-2999-420a-a5b6-608012c1ef83.htseq.counts.gz","989ceb12-2999-420a-a5b6-608012c1ef83.htseq.counts.gz","TCGA-38-7271-01A-11R-2039-07"
"5b1d889e-c40d-4f58-a4b3-9e9eb0835e86.htseq.counts.gz","5b1d889e-c40d-4f58-a4b3-9e9eb0835e86.htseq.counts.gz","TCGA-78-7535-01A-11R-2066-07"
"26f78840-eb78-436e-aa49-0ffce733f70c.htseq.counts.gz","26f78840-eb78-436e-aa49-0ffce733f70c.htseq.counts.gz","TCGA-44-7667-01A-31R-2066-07"
"65bd36a3-b961-49ef-a73c-7f347a918393.htseq.counts.gz","65bd36a3-b961-49ef-a73c-7f347a918393.htseq.counts.gz","TCGA-97-8174-01A-11R-2287-07"
"16c42b24-fcaf-43e2-8f52-d7488f82257b.htseq.counts.gz","16c42b24-fcaf-43e2-8f52-d7488f82257b.htseq.counts.gz","TCGA-91-6849-01A-11R-1949-07"
"4ba3508e-981b-46e4-a575-4f1d72015a7c.htseq.counts.gz","4ba3508e-981b-46e4-a575-4f1d72015a7c.htseq.counts.gz","TCGA-69-7979-01A-11R-2187-07"
"6095fc44-4542-4435-8e6b-dba09b3f7f92.htseq.counts.gz","6095fc44-4542-4435-8e6b-dba09b3f7f92.htseq.counts.gz","TCGA-97-7552-01A-11R-2039-07"
"ed82f112-4b2e-416b-89f3-9c408f0f022a.htseq.counts.gz","ed82f112-4b2e-416b-89f3-9c408f0f022a.htseq.counts.gz","TCGA-55-1592-01A-01R-0946-07"
"43b969ef-d7cb-4c8d-b6de-fdfa48b8edff.htseq.counts.gz","43b969ef-d7cb-4c8d-b6de-fdfa48b8edff.htseq.counts.gz","TCGA-73-A9RS-01A-11R-A41B-07"
"3107533c-054e-463c-b2bc-73ba71ed133a.htseq.counts.gz","3107533c-054e-463c-b2bc-73ba71ed133a.htseq.counts.gz","TCGA-55-6985-01A-11R-1949-07"
"7eea1b88-308c-4d1d-9a94-fc102940c58e.htseq.counts.gz","7eea1b88-308c-4d1d-9a94-fc102940c58e.htseq.counts.gz","TCGA-50-6591-01A-11R-1755-07"
"3b1e8e56-f2a3-4a3f-8f99-ba8a8f33152c.htseq.counts.gz","3b1e8e56-f2a3-4a3f-8f99-ba8a8f33152c.htseq.counts.gz","TCGA-49-4494-01A-01R-1206-07"
"d4a55f22-e655-4c8a-bb7f-a1a35eb5e43f.htseq.counts.gz","d4a55f22-e655-4c8a-bb7f-a1a35eb5e43f.htseq.counts.gz","TCGA-73-4666-01A-01R-1206-07"
"031c7bbf-4088-400e-9ff9-036417c0091a.htseq.counts.gz","031c7bbf-4088-400e-9ff9-036417c0091a.htseq.counts.gz","TCGA-64-1681-01A-11R-2066-07"
"a2e1b373-9085-4f03-8238-c428d229624f.htseq.counts.gz","a2e1b373-9085-4f03-8238-c428d229624f.htseq.counts.gz","TCGA-44-6144-11A-01R-1755-07"
"23e87533-2220-4b0d-b3e2-43707cb25858.htseq.counts.gz","23e87533-2220-4b0d-b3e2-43707cb25858.htseq.counts.gz","TCGA-67-6216-01A-11R-1755-07"
"78a560b2-9ce7-43c9-9d77-dac465e13a0c.htseq.counts.gz","78a560b2-9ce7-43c9-9d77-dac465e13a0c.htseq.counts.gz","TCGA-75-7030-01A-11R-1949-07"
"6ac1dbcf-93f8-4057-9220-201efde2e705.htseq.counts.gz","6ac1dbcf-93f8-4057-9220-201efde2e705.htseq.counts.gz","TCGA-L9-A743-01A-43R-A39D-07"
"dd5e64ab-9ed8-4259-9d68-598853fa41f4.htseq.counts.gz","dd5e64ab-9ed8-4259-9d68-598853fa41f4.htseq.counts.gz","TCGA-44-6778-01A-11R-1858-07"
"6581cbc8-465e-4c0e-bac7-bdffefec92eb.htseq.counts.gz","6581cbc8-465e-4c0e-bac7-bdffefec92eb.htseq.counts.gz","TCGA-MN-A4N5-01A-11R-A24X-07"
"1866d49b-28fb-430d-a699-2e5033d0d74f.htseq.counts.gz","1866d49b-28fb-430d-a699-2e5033d0d74f.htseq.counts.gz","TCGA-50-5045-01A-01R-1628-07"
"f5abf3ae-a7bd-4606-bd9a-2633a82eb65c.htseq.counts.gz","f5abf3ae-a7bd-4606-bd9a-2633a82eb65c.htseq.counts.gz","TCGA-50-7109-01A-11R-2039-07"
"944c109e-c6eb-4073-bac9-541585602d59.htseq.counts.gz","944c109e-c6eb-4073-bac9-541585602d59.htseq.counts.gz","TCGA-75-7027-01A-11R-1949-07"
"cd1665ab-4599-49b1-9d3d-b106dfbf8bcc.htseq.counts.gz","cd1665ab-4599-49b1-9d3d-b106dfbf8bcc.htseq.counts.gz","TCGA-44-6145-11A-01R-1858-07"
"524d2e99-0526-426f-873d-ea65e27b18a0.htseq.counts.gz","524d2e99-0526-426f-873d-ea65e27b18a0.htseq.counts.gz","TCGA-44-2666-01A-01R-0946-07"
"a32bbdca-c79c-49b9-bac7-8b442e4b47e0.htseq.counts.gz","a32bbdca-c79c-49b9-bac7-8b442e4b47e0.htseq.counts.gz","TCGA-55-6978-11A-01R-1949-07"
"abc09f7c-a791-4b91-9efa-b6d716811004.htseq.counts.gz","abc09f7c-a791-4b91-9efa-b6d716811004.htseq.counts.gz","TCGA-55-6983-01A-11R-1949-07"
"1477e0a8-d5fb-4572-8caa-c6f2d1786402.htseq.counts.gz","1477e0a8-d5fb-4572-8caa-c6f2d1786402.htseq.counts.gz","TCGA-44-3919-01A-02R-1107-07"
"06acacc3-9eb0-4bd9-ad1c-0811eaf3b0da.htseq.counts.gz","06acacc3-9eb0-4bd9-ad1c-0811eaf3b0da.htseq.counts.gz","TCGA-MP-A4TA-01A-21R-A24X-07"
"87d1452e-8ec6-4c75-a03b-361738c728c0.htseq.counts.gz","87d1452e-8ec6-4c75-a03b-361738c728c0.htseq.counts.gz","TCGA-05-4396-01A-21R-1858-07"
"1a0ba473-dd46-4a74-af37-784643492999.htseq.counts.gz","1a0ba473-dd46-4a74-af37-784643492999.htseq.counts.gz","TCGA-78-7542-01A-21R-2066-07"
"5c678d4a-febe-4ae5-ac68-8372f5f928dd.htseq.counts.gz","5c678d4a-febe-4ae5-ac68-8372f5f928dd.htseq.counts.gz","TCGA-55-8512-01A-11R-2403-07"
"e38ee2d6-eaad-4d39-a7f3-951b1532c9e5.htseq.counts.gz","e38ee2d6-eaad-4d39-a7f3-951b1532c9e5.htseq.counts.gz","TCGA-99-8028-01A-11R-2241-07"
"62bb3d7c-bcfc-4475-b21a-c5f76e90c06a.htseq.counts.gz","62bb3d7c-bcfc-4475-b21a-c5f76e90c06a.htseq.counts.gz","TCGA-35-4122-01A-01R-1107-07"
"b2ca49c5-527d-43e0-8280-6fe8ff7b3738.htseq.counts.gz","b2ca49c5-527d-43e0-8280-6fe8ff7b3738.htseq.counts.gz","TCGA-91-6828-11A-01R-1858-07"
"06b1bbf5-07e5-4a03-aea1-f7203bab2572.htseq.counts.gz","06b1bbf5-07e5-4a03-aea1-f7203bab2572.htseq.counts.gz","TCGA-55-A4DG-01A-11R-A24H-07"
"29c5dc54-3809-4dc0-b2a1-410c4fd8acf8.htseq.counts.gz","29c5dc54-3809-4dc0-b2a1-410c4fd8acf8.htseq.counts.gz","TCGA-62-8399-01A-21R-2326-07"
"b8181936-6f76-4eec-a57a-92c4cea4f34f.htseq.counts.gz","b8181936-6f76-4eec-a57a-92c4cea4f34f.htseq.counts.gz","TCGA-50-5932-01A-11R-1755-07"
"3f2012b6-8d85-4666-b73e-64cf2c0946fa.htseq.counts.gz","3f2012b6-8d85-4666-b73e-64cf2c0946fa.htseq.counts.gz","TCGA-86-8280-01A-11R-2287-07"
"ef34e0ee-46f0-4a81-b800-dd50cc2266a1.htseq.counts.gz","ef34e0ee-46f0-4a81-b800-dd50cc2266a1.htseq.counts.gz","TCGA-55-8094-01A-11R-2241-07"
"5238d39b-b3f9-4beb-a24d-c1f712fb520a.htseq.counts.gz","5238d39b-b3f9-4beb-a24d-c1f712fb520a.htseq.counts.gz","TCGA-50-5946-02A-11R-2090-07"
"2ce7edaf-0a05-444a-ba19-a26ee1b74513.htseq.counts.gz","2ce7edaf-0a05-444a-ba19-a26ee1b74513.htseq.counts.gz","TCGA-44-2659-01A-01R-0946-07"
"8df93787-af1e-4b07-afa1-f910eda02a1c.htseq.counts.gz","8df93787-af1e-4b07-afa1-f910eda02a1c.htseq.counts.gz","TCGA-O1-A52J-01A-11R-A262-07"
"1742f583-99dd-46ba-9df2-b47d9cb1c3f9.htseq.counts.gz","1742f583-99dd-46ba-9df2-b47d9cb1c3f9.htseq.counts.gz","TCGA-95-7039-01A-11R-1949-07"
"5260addc-0596-42c0-85c6-b74744db9cda.htseq.counts.gz","5260addc-0596-42c0-85c6-b74744db9cda.htseq.counts.gz","TCGA-44-6146-01B-04R-A277-07"
"0b000450-72a5-4d9b-a22b-fba79f04eb1a.htseq.counts.gz","0b000450-72a5-4d9b-a22b-fba79f04eb1a.htseq.counts.gz","TCGA-93-A4JP-01A-11R-A24X-07"
"f822471e-0d7d-4bad-a42a-79dce03c366f.htseq.counts.gz","f822471e-0d7d-4bad-a42a-79dce03c366f.htseq.counts.gz","TCGA-55-A492-01A-11R-A24H-07"
"5161838c-0899-45da-9fdf-2e44a3b402db.htseq.counts.gz","5161838c-0899-45da-9fdf-2e44a3b402db.htseq.counts.gz","TCGA-97-A4M7-01A-11R-A24X-07"
"96717cca-f561-43ee-8fac-74c9aa43c202.htseq.counts.gz","96717cca-f561-43ee-8fac-74c9aa43c202.htseq.counts.gz","TCGA-55-7576-01A-11R-2066-07"
"64d2208f-1ad7-4209-8744-9eee55186fe3.htseq.counts.gz","64d2208f-1ad7-4209-8744-9eee55186fe3.htseq.counts.gz","TCGA-55-6987-01A-11R-1949-07"
"4f2b6b76-3a34-4cb6-9ec3-e343171ff2c2.htseq.counts.gz","4f2b6b76-3a34-4cb6-9ec3-e343171ff2c2.htseq.counts.gz","TCGA-86-8668-01A-11R-2403-07"
"08c068ff-d5a6-468e-a9dc-3a5ff708ebef.htseq.counts.gz","08c068ff-d5a6-468e-a9dc-3a5ff708ebef.htseq.counts.gz","TCGA-55-8510-01A-11R-2403-07"
"cc54e123-c06a-48a8-b864-7497ecb37c0b.htseq.counts.gz","cc54e123-c06a-48a8-b864-7497ecb37c0b.htseq.counts.gz","TCGA-44-A47G-01A-21R-A24H-07"
"6fdbffc8-dac1-4a98-9912-9084b2ce3f28.htseq.counts.gz","6fdbffc8-dac1-4a98-9912-9084b2ce3f28.htseq.counts.gz","TCGA-78-7633-01A-11R-2066-07"
"fe232ef7-4d50-4dfc-bea1-6b6a7a3e4135.htseq.counts.gz","fe232ef7-4d50-4dfc-bea1-6b6a7a3e4135.htseq.counts.gz","TCGA-49-AAR4-01A-12R-A41B-07"
"ebe06b50-91d3-4a79-bc8f-6564742c1652.htseq.counts.gz","ebe06b50-91d3-4a79-bc8f-6564742c1652.htseq.counts.gz","TCGA-49-AARR-01A-11R-A41B-07"
"065e9b25-d6d0-41c5-b010-e25cfbf0bc9f.htseq.counts.gz","065e9b25-d6d0-41c5-b010-e25cfbf0bc9f.htseq.counts.gz","TCGA-62-8395-01A-11R-2326-07"
"dc724482-dc82-41e0-9f01-3451e5be2ae8.htseq.counts.gz","dc724482-dc82-41e0-9f01-3451e5be2ae8.htseq.counts.gz","TCGA-44-6146-01A-11R-1755-07"
"cfd41bd1-a69c-470a-be0a-885732277544.htseq.counts.gz","cfd41bd1-a69c-470a-be0a-885732277544.htseq.counts.gz","TCGA-86-6562-01A-11R-1755-07"
"5b84c002-9ca2-4188-bf22-1e0994dd3978.htseq.counts.gz","5b84c002-9ca2-4188-bf22-1e0994dd3978.htseq.counts.gz","TCGA-44-6777-01A-11R-1858-07"
"2d0ce6d3-9a09-46ba-9c91-bd4f3764e490.htseq.counts.gz","2d0ce6d3-9a09-46ba-9c91-bd4f3764e490.htseq.counts.gz","TCGA-73-4676-01A-01R-1755-07"
"3a360c80-e06f-4e38-a29d-3e4514047b76.htseq.counts.gz","3a360c80-e06f-4e38-a29d-3e4514047b76.htseq.counts.gz","TCGA-91-8499-01A-11R-2403-07"
"0392d81c-c15f-45aa-b6d7-ab85823a92a2.htseq.counts.gz","0392d81c-c15f-45aa-b6d7-ab85823a92a2.htseq.counts.gz","TCGA-69-7974-01A-11R-2187-07"
"d751b729-f6cf-4fdf-b55d-f82830f0b26c.htseq.counts.gz","d751b729-f6cf-4fdf-b55d-f82830f0b26c.htseq.counts.gz","TCGA-44-6774-01A-21R-1858-07"
"6011bac0-a278-42b4-bfd9-97f1b618926e.htseq.counts.gz","6011bac0-a278-42b4-bfd9-97f1b618926e.htseq.counts.gz","TCGA-49-AARQ-01A-11R-A41B-07"
"ef9244df-399a-4646-b777-a25766835c8d.htseq.counts.gz","ef9244df-399a-4646-b777-a25766835c8d.htseq.counts.gz","TCGA-91-6836-11A-01R-1858-07"
"b20e7824-c90e-464c-9f17-d138e84ca8e7.htseq.counts.gz","b20e7824-c90e-464c-9f17-d138e84ca8e7.htseq.counts.gz","TCGA-86-7711-01A-11R-2066-07"
"508976fe-e7a9-4743-a098-2fb0cbe32f8d.htseq.counts.gz","508976fe-e7a9-4743-a098-2fb0cbe32f8d.htseq.counts.gz","TCGA-49-6767-01A-11R-1858-07"
"6095b94e-2101-4128-ae51-f0c77daf7811.htseq.counts.gz","6095b94e-2101-4128-ae51-f0c77daf7811.htseq.counts.gz","TCGA-50-5044-01A-21R-1858-07"
"95167b79-f563-461e-81dd-a7143cfafe0d.htseq.counts.gz","95167b79-f563-461e-81dd-a7143cfafe0d.htseq.counts.gz","TCGA-75-6211-01A-11R-1755-07"
"0cd5fbf1-9e0f-4017-9e26-93ff0828c169.htseq.counts.gz","0cd5fbf1-9e0f-4017-9e26-93ff0828c169.htseq.counts.gz","TCGA-44-2656-01A-02R-A278-07"
"f561e8fc-3ed9-4d8f-be9f-800966251738.htseq.counts.gz","f561e8fc-3ed9-4d8f-be9f-800966251738.htseq.counts.gz","TCGA-86-8076-01A-31R-2241-07"
"d1757d87-4920-473b-8586-24192541cb02.htseq.counts.gz","d1757d87-4920-473b-8586-24192541cb02.htseq.counts.gz","TCGA-05-4433-01A-22R-1858-07"
"186b83bd-ec3f-42b4-ba91-d86c9618d5e3.htseq.counts.gz","186b83bd-ec3f-42b4-ba91-d86c9618d5e3.htseq.counts.gz","TCGA-97-A4M2-01A-12R-A24X-07"
"582e5a89-052e-4439-9d1e-a9d3fa0d82a7.htseq.counts.gz","582e5a89-052e-4439-9d1e-a9d3fa0d82a7.htseq.counts.gz","TCGA-MP-A4TI-01A-21R-A24X-07"
"df096776-c5ad-4f04-a913-02a16f33390a.htseq.counts.gz","df096776-c5ad-4f04-a913-02a16f33390a.htseq.counts.gz","TCGA-38-4625-01A-01R-1206-07"
"c6bb0ad7-6fbe-4436-adf7-f2e87b5384fe.htseq.counts.gz","c6bb0ad7-6fbe-4436-adf7-f2e87b5384fe.htseq.counts.gz","TCGA-MP-A4SY-01A-21R-A24X-07"
"245ad8f3-c93e-40ac-8ff0-92e7a5dacc20.htseq.counts.gz","245ad8f3-c93e-40ac-8ff0-92e7a5dacc20.htseq.counts.gz","TCGA-05-4402-01A-01R-1206-07"
"e657cd5a-217e-45df-8203-a3f8c4907f4a.htseq.counts.gz","e657cd5a-217e-45df-8203-a3f8c4907f4a.htseq.counts.gz","TCGA-49-4512-01A-21R-1858-07"
"c839556e-515d-4793-9960-0edd0a71a101.htseq.counts.gz","c839556e-515d-4793-9960-0edd0a71a101.htseq.counts.gz","TCGA-55-8511-01A-11R-2403-07"
"206537cc-dc94-4722-b6d2-1e5fd6588078.htseq.counts.gz","206537cc-dc94-4722-b6d2-1e5fd6588078.htseq.counts.gz","TCGA-55-6712-01A-11R-1858-07"
"04c8f4a3-77c8-4085-ae46-ae66ab486c08.htseq.counts.gz","04c8f4a3-77c8-4085-ae46-ae66ab486c08.htseq.counts.gz","TCGA-78-7153-01A-11R-2039-07"
"890494a7-cfed-413e-97e9-2ccf0257d94a.htseq.counts.gz","890494a7-cfed-413e-97e9-2ccf0257d94a.htseq.counts.gz","TCGA-91-6831-11A-02R-1858-07"
"10d6ec12-4039-4262-b16d-1bd671b99a57.htseq.counts.gz","10d6ec12-4039-4262-b16d-1bd671b99a57.htseq.counts.gz","TCGA-95-7947-01A-11R-2187-07"
"9bf66417-4431-4c23-9603-63273db48d39.htseq.counts.gz","9bf66417-4431-4c23-9603-63273db48d39.htseq.counts.gz","TCGA-50-6673-01A-11R-1949-07"
"5d259206-1431-48f8-abc3-3001bab5243d.htseq.counts.gz","5d259206-1431-48f8-abc3-3001bab5243d.htseq.counts.gz","TCGA-55-6986-11A-01R-1949-07"
"b08b8095-f54b-4649-ae13-cfdac7c7c5f2.htseq.counts.gz","b08b8095-f54b-4649-ae13-cfdac7c7c5f2.htseq.counts.gz","TCGA-44-2656-01A-02R-0946-07"
"6d158f35-9847-41fd-814e-9bb63cca955f.htseq.counts.gz","6d158f35-9847-41fd-814e-9bb63cca955f.htseq.counts.gz","TCGA-44-2661-11A-01R-1758-07"
"c27a0a56-cde3-4e53-b02d-8a2ca66b5d1d.htseq.counts.gz","c27a0a56-cde3-4e53-b02d-8a2ca66b5d1d.htseq.counts.gz","TCGA-97-7938-01A-11R-2170-07"
"4938e83e-4ff0-4880-bc31-aa52e3a68ec2.htseq.counts.gz","4938e83e-4ff0-4880-bc31-aa52e3a68ec2.htseq.counts.gz","TCGA-75-6203-01A-11R-1755-07"
"ee6fc916-052f-4fab-974f-119ab34078d6.htseq.counts.gz","ee6fc916-052f-4fab-974f-119ab34078d6.htseq.counts.gz","TCGA-86-8055-01A-11R-2241-07"
"314b3b08-27e7-4936-a7d9-2dce4e4d3db7.htseq.counts.gz","314b3b08-27e7-4936-a7d9-2dce4e4d3db7.htseq.counts.gz","TCGA-78-7156-01A-11R-2039-07"
"69ad4bfb-b94a-4b72-986b-d6a73febd362.htseq.counts.gz","69ad4bfb-b94a-4b72-986b-d6a73febd362.htseq.counts.gz","TCGA-91-6835-01A-11R-1858-07"
"ac32a9f2-e148-4e70-899e-78b8ae563839.htseq.counts.gz","ac32a9f2-e148-4e70-899e-78b8ae563839.htseq.counts.gz","TCGA-64-5775-01A-01R-1628-07"
"1ef4c9a4-403e-4ed2-b9d6-06302a842278.htseq.counts.gz","1ef4c9a4-403e-4ed2-b9d6-06302a842278.htseq.counts.gz","TCGA-44-6779-01A-11R-1858-07"
"f67ccdd6-1577-45fd-9e49-251b289d1179.htseq.counts.gz","f67ccdd6-1577-45fd-9e49-251b289d1179.htseq.counts.gz","TCGA-44-5643-01A-01R-1628-07"
"9e49e3ff-f780-48db-9349-e59e2112b6de.htseq.counts.gz","9e49e3ff-f780-48db-9349-e59e2112b6de.htseq.counts.gz","TCGA-44-8120-01A-11R-2241-07"
"18f2c008-bb26-45fd-9e6c-a0d08fda6d48.htseq.counts.gz","18f2c008-bb26-45fd-9e6c-a0d08fda6d48.htseq.counts.gz","TCGA-86-8279-01A-11R-2287-07"
"41d10ca9-cd89-4884-ad20-2d36cb1125a2.htseq.counts.gz","41d10ca9-cd89-4884-ad20-2d36cb1125a2.htseq.counts.gz","TCGA-05-4397-01A-01R-1206-07"
"ab51cccb-b5df-434a-a5a4-32368ccf0b24.htseq.counts.gz","ab51cccb-b5df-434a-a5a4-32368ccf0b24.htseq.counts.gz","TCGA-44-2668-01B-02R-A277-07"
"4c966efe-8d3b-4c95-beaf-9c84d90983f1.htseq.counts.gz","4c966efe-8d3b-4c95-beaf-9c84d90983f1.htseq.counts.gz","TCGA-78-8655-01A-11R-2403-07"
"8377de42-868b-4748-bbe0-b66827e274bf.htseq.counts.gz","8377de42-868b-4748-bbe0-b66827e274bf.htseq.counts.gz","TCGA-49-AAR0-01A-21R-A39D-07"
"156e6312-4cfa-486c-8730-7881580fbc1a.htseq.counts.gz","156e6312-4cfa-486c-8730-7881580fbc1a.htseq.counts.gz","TCGA-50-5942-01A-21R-1755-07"
"0d7f880c-c4c5-4335-b49e-5f321f841840.htseq.counts.gz","0d7f880c-c4c5-4335-b49e-5f321f841840.htseq.counts.gz","TCGA-55-5899-01A-11R-1628-07"
"bc8b83dd-706a-491c-8e2f-2aba9fc8a548.htseq.counts.gz","bc8b83dd-706a-491c-8e2f-2aba9fc8a548.htseq.counts.gz","TCGA-95-A4VP-01A-21R-A262-07"
"3dd9e081-d183-49b4-8d67-afa513496f21.htseq.counts.gz","3dd9e081-d183-49b4-8d67-afa513496f21.htseq.counts.gz","TCGA-55-8302-01A-11R-2326-07"
"1dc8075b-ed0c-471f-8947-967d23ff686b.htseq.counts.gz","1dc8075b-ed0c-471f-8947-967d23ff686b.htseq.counts.gz","TCGA-44-2662-01A-01R-0946-07"
"060ae2b3-e1ae-41e4-9b67-ba3938f90d3a.htseq.counts.gz","060ae2b3-e1ae-41e4-9b67-ba3938f90d3a.htseq.counts.gz","TCGA-44-3918-01B-02R-A277-07"
"a54f5ecf-6e18-473f-ae1b-a06b4a1fd9c8.htseq.counts.gz","a54f5ecf-6e18-473f-ae1b-a06b4a1fd9c8.htseq.counts.gz","TCGA-55-8616-01A-11R-2403-07"
"cfccab4c-4b17-4012-a19b-5141f7a5b68f.htseq.counts.gz","cfccab4c-4b17-4012-a19b-5141f7a5b68f.htseq.counts.gz","TCGA-69-7763-01A-11R-2170-07"
"344d2093-8816-4f3b-a38c-cfc7ae7cd6ba.htseq.counts.gz","344d2093-8816-4f3b-a38c-cfc7ae7cd6ba.htseq.counts.gz","TCGA-55-6985-11A-01R-1949-07"
"2b2b6341-1f6d-4acc-8a67-0ba8ab051ee8.htseq.counts.gz","2b2b6341-1f6d-4acc-8a67-0ba8ab051ee8.htseq.counts.gz","TCGA-49-4512-11A-01R-1858-07"
"44624e0b-ad12-4670-b427-02db7dc87267.htseq.counts.gz","44624e0b-ad12-4670-b427-02db7dc87267.htseq.counts.gz","TCGA-97-7554-01A-11R-2039-07"
"58f98e52-c594-4bea-bf7d-9f75c09d0917.htseq.counts.gz","58f98e52-c594-4bea-bf7d-9f75c09d0917.htseq.counts.gz","TCGA-97-7941-01A-11R-2187-07"
"d6ee768c-7705-468c-bc8a-298c71ce1c8d.htseq.counts.gz","d6ee768c-7705-468c-bc8a-298c71ce1c8d.htseq.counts.gz","TCGA-55-7724-01A-11R-2170-07"
"bfcc0178-87a0-481d-b694-eb429fdfbaf4.htseq.counts.gz","bfcc0178-87a0-481d-b694-eb429fdfbaf4.htseq.counts.gz","TCGA-38-4626-11A-01R-1758-07"
"7e9b15b3-eca8-4dd1-8d57-a404ace995d9.htseq.counts.gz","7e9b15b3-eca8-4dd1-8d57-a404ace995d9.htseq.counts.gz","TCGA-MN-A4N1-01A-11R-A24X-07"
"42c07ead-83bf-4277-9691-1a363e2b5b90.htseq.counts.gz","42c07ead-83bf-4277-9691-1a363e2b5b90.htseq.counts.gz","TCGA-78-7154-01A-11R-2039-07"
"5c688f5d-2627-4437-8902-f2d29c8d1d9b.htseq.counts.gz","5c688f5d-2627-4437-8902-f2d29c8d1d9b.htseq.counts.gz","TCGA-L9-A50W-01A-12R-A39D-07"
"a7ac2239-f60b-40a2-b931-5aa9b3adc8d8.htseq.counts.gz","a7ac2239-f60b-40a2-b931-5aa9b3adc8d8.htseq.counts.gz","TCGA-69-8255-01A-11R-2287-07"
"49becce3-507f-4df5-a679-efce45e8eae0.htseq.counts.gz","49becce3-507f-4df5-a679-efce45e8eae0.htseq.counts.gz","TCGA-55-A48Z-01A-12R-A24X-07"
"98fcd5aa-3b1a-4980-a65f-c44a8c070101.htseq.counts.gz","98fcd5aa-3b1a-4980-a65f-c44a8c070101.htseq.counts.gz","TCGA-99-AA5R-01A-11R-A39D-07"
"0c37e843-b21b-4d00-b91d-c9d7865200c2.htseq.counts.gz","0c37e843-b21b-4d00-b91d-c9d7865200c2.htseq.counts.gz","TCGA-05-4424-01A-22R-1858-07"
"394ef2d0-7bc0-444a-86d3-8f32385c2494.htseq.counts.gz","394ef2d0-7bc0-444a-86d3-8f32385c2494.htseq.counts.gz","TCGA-44-6146-01A-11R-A278-07"
"2a77f7b7-c933-405b-97db-62906fe759ff.htseq.counts.gz","2a77f7b7-c933-405b-97db-62906fe759ff.htseq.counts.gz","TCGA-55-8090-01A-11R-2241-07"
"0bf42173-8de0-457d-ad94-81584556c3e6.htseq.counts.gz","0bf42173-8de0-457d-ad94-81584556c3e6.htseq.counts.gz","TCGA-69-8453-01A-12R-2326-07"
"d876380c-cad9-40e7-a627-f2fd2322509c.htseq.counts.gz","d876380c-cad9-40e7-a627-f2fd2322509c.htseq.counts.gz","TCGA-44-6148-01A-11R-1755-07"
"ce84840f-f5c3-4e67-baf6-c574cf585169.htseq.counts.gz","ce84840f-f5c3-4e67-baf6-c574cf585169.htseq.counts.gz","TCGA-78-7152-01A-11R-2039-07"
"545df815-3b73-42f4-9540-457f01e43f07.htseq.counts.gz","545df815-3b73-42f4-9540-457f01e43f07.htseq.counts.gz","TCGA-64-5779-01A-01R-1628-07"
"6ad59e49-f417-4144-9c13-51b24f66422a.htseq.counts.gz","6ad59e49-f417-4144-9c13-51b24f66422a.htseq.counts.gz","TCGA-55-6982-01A-11R-1949-07"
"042b37c5-7ba2-4731-8b16-5510cce257b4.htseq.counts.gz","042b37c5-7ba2-4731-8b16-5510cce257b4.htseq.counts.gz","TCGA-35-4123-01A-01R-1107-07"
"96dcdf87-8eff-4edb-b99b-0854e5d66832.htseq.counts.gz","96dcdf87-8eff-4edb-b99b-0854e5d66832.htseq.counts.gz","TCGA-44-6148-11A-01R-1858-07"
"52cf2038-62b5-4c57-b5b5-3f06c48a5f26.htseq.counts.gz","52cf2038-62b5-4c57-b5b5-3f06c48a5f26.htseq.counts.gz","TCGA-55-6983-11A-01R-1949-07"
"d5fd50e4-2068-4cfc-9b04-3976f9fd7940.htseq.counts.gz","d5fd50e4-2068-4cfc-9b04-3976f9fd7940.htseq.counts.gz","TCGA-78-7539-01A-11R-2066-07"
"f442826c-7516-45f7-bbfc-968cd4ce51b3.htseq.counts.gz","f442826c-7516-45f7-bbfc-968cd4ce51b3.htseq.counts.gz","TCGA-MP-A4T4-01A-11R-A262-07"
"bfd76989-9812-4065-9e07-22a1bc498018.htseq.counts.gz","bfd76989-9812-4065-9e07-22a1bc498018.htseq.counts.gz","TCGA-05-5429-01A-01R-1628-07"
"7ff71ff2-38d3-46b3-b2a3-105377beb504.htseq.counts.gz","7ff71ff2-38d3-46b3-b2a3-105377beb504.htseq.counts.gz","TCGA-69-7764-01A-11R-2170-07"
"3b8a5a07-1e30-42f3-92ad-6bd4226f6c9f.htseq.counts.gz","3b8a5a07-1e30-42f3-92ad-6bd4226f6c9f.htseq.counts.gz","TCGA-44-3398-11B-01R-1758-07"
"6449f2b6-1af9-4612-abde-ac0f5bb1ff7e.htseq.counts.gz","6449f2b6-1af9-4612-abde-ac0f5bb1ff7e.htseq.counts.gz","TCGA-78-7220-01A-11R-2039-07"
"bdc9dadb-a543-4965-b85f-8b20b14d4efe.htseq.counts.gz","bdc9dadb-a543-4965-b85f-8b20b14d4efe.htseq.counts.gz","TCGA-J2-A4AE-01A-21R-A24H-07"
"5f8af729-8993-4b3c-badb-aa1e3ce4e81c.htseq.counts.gz","5f8af729-8993-4b3c-badb-aa1e3ce4e81c.htseq.counts.gz","TCGA-49-6743-01A-11R-1858-07"
"fbc1a18a-399b-4ecd-a6d0-1770773f9c14.htseq.counts.gz","fbc1a18a-399b-4ecd-a6d0-1770773f9c14.htseq.counts.gz","TCGA-55-8089-01A-11R-2241-07"
"8f2c0849-7cd4-4da2-9feb-e3a942b892c4.htseq.counts.gz","8f2c0849-7cd4-4da2-9feb-e3a942b892c4.htseq.counts.gz","TCGA-35-5375-01A-01R-1628-07"
"2291ce95-0573-4402-8c25-ec5a824212d9.htseq.counts.gz","2291ce95-0573-4402-8c25-ec5a824212d9.htseq.counts.gz","TCGA-50-5932-11A-01R-1755-07"
"631fc20d-00c1-4b13-8520-f25f0388e985.htseq.counts.gz","631fc20d-00c1-4b13-8520-f25f0388e985.htseq.counts.gz","TCGA-55-7910-01A-11R-2170-07"
"eca61d8e-d9c6-439a-af61-1ae0abe6d1ec.htseq.counts.gz","eca61d8e-d9c6-439a-af61-1ae0abe6d1ec.htseq.counts.gz","TCGA-MP-A4TH-01A-31R-A262-07"
"10d037c2-a3bf-46cf-9e27-0584733f6794.htseq.counts.gz","10d037c2-a3bf-46cf-9e27-0584733f6794.htseq.counts.gz","TCGA-55-8513-01A-11R-2403-07"
"58dc0435-3e56-48c0-b76f-3fe1da6cf1dd.htseq.counts.gz","58dc0435-3e56-48c0-b76f-3fe1da6cf1dd.htseq.counts.gz","TCGA-MP-A4T7-01A-11R-A24X-07"
"deaa1a2f-b727-40b3-a9e8-6a8436921871.htseq.counts.gz","deaa1a2f-b727-40b3-a9e8-6a8436921871.htseq.counts.gz","TCGA-62-8397-01A-11R-2326-07"
"f229fcea-9313-4f4b-a8a9-c549c1486887.htseq.counts.gz","f229fcea-9313-4f4b-a8a9-c549c1486887.htseq.counts.gz","TCGA-J2-A4AD-01A-11R-A24H-07"
"cdb40040-4357-4d85-ae62-91c38d4806d1.htseq.counts.gz","cdb40040-4357-4d85-ae62-91c38d4806d1.htseq.counts.gz","TCGA-MP-A5C7-01A-11R-A262-07"
"d5f29606-e2c0-42a9-af59-fb178fcf7201.htseq.counts.gz","d5f29606-e2c0-42a9-af59-fb178fcf7201.htseq.counts.gz","TCGA-91-6828-01A-11R-1858-07"
"31dc5fe1-f1d2-4a41-b939-fb08745c8d8a.htseq.counts.gz","31dc5fe1-f1d2-4a41-b939-fb08745c8d8a.htseq.counts.gz","TCGA-53-A4EZ-01A-12R-A24X-07"
"c71da743-de94-46d0-9ec0-fed1574845b9.htseq.counts.gz","c71da743-de94-46d0-9ec0-fed1574845b9.htseq.counts.gz","TCGA-78-7149-01A-11R-2039-07"
"c61fb9d1-d808-4328-8a9c-7ccb4beb139f.htseq.counts.gz","c61fb9d1-d808-4328-8a9c-7ccb4beb139f.htseq.counts.gz","TCGA-93-A4JN-01A-11R-A24X-07"
"9c75e183-7328-4a63-993e-f28a505017d2.htseq.counts.gz","9c75e183-7328-4a63-993e-f28a505017d2.htseq.counts.gz","TCGA-86-8278-01A-11R-2287-07"
"dbebc784-425a-4946-b5e1-cb43c349c398.htseq.counts.gz","dbebc784-425a-4946-b5e1-cb43c349c398.htseq.counts.gz","TCGA-95-7567-01A-11R-2066-07"
"25b2851d-cbfd-4b98-afc0-038e75ae83a3.htseq.counts.gz","25b2851d-cbfd-4b98-afc0-038e75ae83a3.htseq.counts.gz","TCGA-78-7540-01A-11R-2066-07"
"4fb80022-8f80-4992-b1aa-0f678c941878.htseq.counts.gz","4fb80022-8f80-4992-b1aa-0f678c941878.htseq.counts.gz","TCGA-78-7143-01A-11R-2039-07"
"c57c5f57-5426-4662-832d-6f342ebeff04.htseq.counts.gz","c57c5f57-5426-4662-832d-6f342ebeff04.htseq.counts.gz","TCGA-73-4677-01A-01R-1206-07"
"e4d01f10-116a-4936-a24b-dda4e6c53397.htseq.counts.gz","e4d01f10-116a-4936-a24b-dda4e6c53397.htseq.counts.gz","TCGA-05-4410-01A-21R-1858-07"
"85ac083c-dbb9-4541-8b75-d73ab216f54c.htseq.counts.gz","85ac083c-dbb9-4541-8b75-d73ab216f54c.htseq.counts.gz","TCGA-80-5607-01A-31R-1949-07"
"c07dbc2a-b197-4b5a-a1a7-8acbaea7441e.htseq.counts.gz","c07dbc2a-b197-4b5a-a1a7-8acbaea7441e.htseq.counts.gz","TCGA-05-4427-01A-21R-1858-07"
"e24a7d5b-0da7-4f1b-aca1-9dc89e6b281c.htseq.counts.gz","e24a7d5b-0da7-4f1b-aca1-9dc89e6b281c.htseq.counts.gz","TCGA-44-A47B-01A-11R-A24H-07"
"be066ad3-e17c-4adc-9f4b-4d5c33d4dfad.htseq.counts.gz","be066ad3-e17c-4adc-9f4b-4d5c33d4dfad.htseq.counts.gz","TCGA-93-7347-01A-11R-2187-07"
"79caf319-b6a9-4e02-aede-444242d215d4.htseq.counts.gz","79caf319-b6a9-4e02-aede-444242d215d4.htseq.counts.gz","TCGA-86-7713-01A-11R-2066-07"
"f8332a4b-0365-4732-a6b8-a3998872e24c.htseq.counts.gz","f8332a4b-0365-4732-a6b8-a3998872e24c.htseq.counts.gz","TCGA-05-4384-01A-01R-1755-07"
"0bf53fc6-b8fb-4e6d-9297-4129c708f3da.htseq.counts.gz","0bf53fc6-b8fb-4e6d-9297-4129c708f3da.htseq.counts.gz","TCGA-50-5935-01A-11R-1755-07"
"bf8dd7a7-37b1-4a81-9554-d63fdf2fe4f1.htseq.counts.gz","bf8dd7a7-37b1-4a81-9554-d63fdf2fe4f1.htseq.counts.gz","TCGA-49-AAR3-01A-11R-A41B-07"
"8cd200d8-da0a-4176-8665-d527343c7264.htseq.counts.gz","8cd200d8-da0a-4176-8665-d527343c7264.htseq.counts.gz","TCGA-86-7714-01A-12R-2170-07"
"7f39b57f-556b-46b2-a67a-af86345f900a.htseq.counts.gz","7f39b57f-556b-46b2-a67a-af86345f900a.htseq.counts.gz","TCGA-44-2661-01A-01R-1107-07"
"fc435124-0749-4c74-ba94-d59a30953ed2.htseq.counts.gz","fc435124-0749-4c74-ba94-d59a30953ed2.htseq.counts.gz","TCGA-49-4501-01A-01R-1206-07"
"7c1d57e4-ea8b-4634-8b1d-65ef201dda59.htseq.counts.gz","7c1d57e4-ea8b-4634-8b1d-65ef201dda59.htseq.counts.gz","TCGA-55-6981-01A-11R-1949-07"
"12d2b9fa-1921-4033-bdb9-7e114c0d7812.htseq.counts.gz","12d2b9fa-1921-4033-bdb9-7e114c0d7812.htseq.counts.gz","TCGA-99-8025-01A-11R-2241-07"
"0f1cc324-508e-4543-8843-94de0071f9f7.htseq.counts.gz","0f1cc324-508e-4543-8843-94de0071f9f7.htseq.counts.gz","TCGA-55-8620-01A-11R-2403-07"
"1c3039f0-0cd5-4b16-bdbe-128bfbd63b86.htseq.counts.gz","1c3039f0-0cd5-4b16-bdbe-128bfbd63b86.htseq.counts.gz","TCGA-55-8621-01A-11R-2403-07"
"2891f45a-b4b0-438b-92a6-494fefea1efe.htseq.counts.gz","2891f45a-b4b0-438b-92a6-494fefea1efe.htseq.counts.gz","TCGA-55-1594-01A-01R-0946-07"
"3fbc019c-2a61-48f6-9c6d-00823297ae53.htseq.counts.gz","3fbc019c-2a61-48f6-9c6d-00823297ae53.htseq.counts.gz","TCGA-91-6829-11A-01R-1858-07"
"7c5f96bd-441c-4467-8700-dc5224e682bb.htseq.counts.gz","7c5f96bd-441c-4467-8700-dc5224e682bb.htseq.counts.gz","TCGA-67-3774-01A-01R-0946-07"
"906d81f3-13b4-427c-acd3-64b5804b6306.htseq.counts.gz","906d81f3-13b4-427c-acd3-64b5804b6306.htseq.counts.gz","TCGA-91-8496-01A-11R-2403-07"
"d370b7a3-a534-4190-a6d0-79276273093c.htseq.counts.gz","d370b7a3-a534-4190-a6d0-79276273093c.htseq.counts.gz","TCGA-L4-A4E5-01A-11R-A24X-07"
"00ea21cb-349a-40c2-ad34-c36e18dcd02f.htseq.counts.gz","00ea21cb-349a-40c2-ad34-c36e18dcd02f.htseq.counts.gz","TCGA-J2-8192-01A-11R-2241-07"
"c9061d39-7f8c-45e8-bc7c-912d26ee70ad.htseq.counts.gz","c9061d39-7f8c-45e8-bc7c-912d26ee70ad.htseq.counts.gz","TCGA-55-8207-01A-11R-2241-07"
"80af6fa2-c963-4ab7-9965-8b1678f49376.htseq.counts.gz","80af6fa2-c963-4ab7-9965-8b1678f49376.htseq.counts.gz","TCGA-05-5428-01A-01R-1628-07"
"6577bf84-a065-4519-8c7f-8f999a78ed88.htseq.counts.gz","6577bf84-a065-4519-8c7f-8f999a78ed88.htseq.counts.gz","TCGA-62-A46R-01A-11R-A24H-07"
"f93932b6-c8c3-45d8-9911-c4d387d9bad0.htseq.counts.gz","f93932b6-c8c3-45d8-9911-c4d387d9bad0.htseq.counts.gz","TCGA-55-A57B-01A-12R-A39D-07"
"37616fc4-9761-47f8-a819-9a9ed6564b21.htseq.counts.gz","37616fc4-9761-47f8-a819-9a9ed6564b21.htseq.counts.gz","TCGA-55-7994-01A-11R-2187-07"
"ea09d211-edbc-46c8-91e2-e6ae8fd6467d.htseq.counts.gz","ea09d211-edbc-46c8-91e2-e6ae8fd6467d.htseq.counts.gz","TCGA-05-4244-01A-01R-1107-07"
"a5e71850-834c-4c39-b4f9-92c952b2cce6.htseq.counts.gz","a5e71850-834c-4c39-b4f9-92c952b2cce6.htseq.counts.gz","TCGA-78-8648-01A-11R-2403-07"
"5c9a781e-50c1-44ec-9c8a-7d8fca99e3c3.htseq.counts.gz","5c9a781e-50c1-44ec-9c8a-7d8fca99e3c3.htseq.counts.gz","TCGA-44-A4SS-01A-11R-A24X-07"
"aead190d-5225-42df-b11e-696de98d8011.htseq.counts.gz","aead190d-5225-42df-b11e-696de98d8011.htseq.counts.gz","TCGA-MP-A4SV-01A-11R-A24X-07"
"53480dc0-569d-474d-92ae-25e0526c0864.htseq.counts.gz","53480dc0-569d-474d-92ae-25e0526c0864.htseq.counts.gz","TCGA-55-7913-01B-11R-2241-07"
"50a313a9-99f6-4ca0-84b3-0f4b59ae0a1a.htseq.counts.gz","50a313a9-99f6-4ca0-84b3-0f4b59ae0a1a.htseq.counts.gz","TCGA-86-A4P7-01A-11R-A24X-07"
"a9452e8a-decb-49e4-b4f6-3db74539643b.htseq.counts.gz","a9452e8a-decb-49e4-b4f6-3db74539643b.htseq.counts.gz","TCGA-99-8033-01A-11R-2241-07"
"b580063a-0bcc-4816-b8ec-310890b995a5.htseq.counts.gz","b580063a-0bcc-4816-b8ec-310890b995a5.htseq.counts.gz","TCGA-55-6984-11A-01R-1949-07"
"072e3af5-5598-4189-ab06-c5455442f322.htseq.counts.gz","072e3af5-5598-4189-ab06-c5455442f322.htseq.counts.gz","TCGA-75-5126-01A-01R-1755-07"
"83053f28-d761-4d5a-acd6-855cb22e46e2.htseq.counts.gz","83053f28-d761-4d5a-acd6-855cb22e46e2.htseq.counts.gz","TCGA-67-6215-01A-11R-1755-07"
"3926dba3-b7b5-45c8-aa60-b8fe6dd8f114.htseq.counts.gz","3926dba3-b7b5-45c8-aa60-b8fe6dd8f114.htseq.counts.gz","TCGA-86-8056-01A-11R-2241-07"
"4ed68c20-e7f2-4b40-97f1-4f8a3ddae0a9.htseq.counts.gz","4ed68c20-e7f2-4b40-97f1-4f8a3ddae0a9.htseq.counts.gz","TCGA-05-4250-01A-01R-1107-07"
"fadfa0b7-8543-4ca3-8c26-9114e71caaeb.htseq.counts.gz","fadfa0b7-8543-4ca3-8c26-9114e71caaeb.htseq.counts.gz","TCGA-64-1678-01A-01R-0946-07"
"20c6123b-33b6-46a7-8625-482e4594c032.htseq.counts.gz","20c6123b-33b6-46a7-8625-482e4594c032.htseq.counts.gz","TCGA-05-4418-01A-01R-1206-07"
"0933e6f7-e2ac-4dc0-b34e-4a45109a28b7.htseq.counts.gz","0933e6f7-e2ac-4dc0-b34e-4a45109a28b7.htseq.counts.gz","TCGA-44-6777-11A-01R-1858-07"
"cfbb373c-8b64-4132-8957-234b36540deb.htseq.counts.gz","cfbb373c-8b64-4132-8957-234b36540deb.htseq.counts.gz","TCGA-55-8507-01A-11R-2403-07"
"e77ea9a5-0b4f-466a-86b3-378d756dea57.htseq.counts.gz","e77ea9a5-0b4f-466a-86b3-378d756dea57.htseq.counts.gz","TCGA-50-5933-01A-11R-1755-07"
"509159f2-6ed9-42fa-9e19-382813781aa0.htseq.counts.gz","509159f2-6ed9-42fa-9e19-382813781aa0.htseq.counts.gz","TCGA-86-7954-01A-11R-2187-07"
"3bd094e7-eaf8-4cef-9f87-557bc5753b26.htseq.counts.gz","3bd094e7-eaf8-4cef-9f87-557bc5753b26.htseq.counts.gz","TCGA-95-8494-01A-11R-2326-07"
"5be2bd1d-24ac-47c5-9e20-33dea602ed65.htseq.counts.gz","5be2bd1d-24ac-47c5-9e20-33dea602ed65.htseq.counts.gz","TCGA-55-7726-01A-11R-2170-07"
"30ed6c4d-7d1a-4c22-b5a1-00cd37e35e6d.htseq.counts.gz","30ed6c4d-7d1a-4c22-b5a1-00cd37e35e6d.htseq.counts.gz","TCGA-97-A4M5-01A-11R-A24X-07"
"44615ba8-36ce-4d2e-9d9d-b2f01179b6c8.htseq.counts.gz","44615ba8-36ce-4d2e-9d9d-b2f01179b6c8.htseq.counts.gz","TCGA-62-A472-01A-11R-A24H-07"
"2cc11440-ca73-417f-9130-82930f3a1152.htseq.counts.gz","2cc11440-ca73-417f-9130-82930f3a1152.htseq.counts.gz","TCGA-55-8299-01A-11R-2287-07"
"f9ea29ab-6953-4646-b367-cff2483b9f46.htseq.counts.gz","f9ea29ab-6953-4646-b367-cff2483b9f46.htseq.counts.gz","TCGA-91-7771-01A-11R-2170-07"
"dc76cdde-f77f-4604-94c4-0b150b9a56b4.htseq.counts.gz","dc76cdde-f77f-4604-94c4-0b150b9a56b4.htseq.counts.gz","TCGA-05-4405-01A-21R-1858-07"
"6476b6b8-7e7e-44ac-9869-c93b654458a5.htseq.counts.gz","6476b6b8-7e7e-44ac-9869-c93b654458a5.htseq.counts.gz","TCGA-91-6840-01A-11R-1949-07"
"1ac403f9-b84f-4f49-a02a-ce548beac104.htseq.counts.gz","1ac403f9-b84f-4f49-a02a-ce548beac104.htseq.counts.gz","TCGA-55-8205-01A-11R-2241-07"
"430d6c41-8efd-4e14-9876-5901e770f74d.htseq.counts.gz","430d6c41-8efd-4e14-9876-5901e770f74d.htseq.counts.gz","TCGA-69-7761-01A-11R-2170-07"
"fefd7990-acb5-4d6b-9bfa-b1a474e368d7.htseq.counts.gz","fefd7990-acb5-4d6b-9bfa-b1a474e368d7.htseq.counts.gz","TCGA-05-4420-01A-01R-1206-07"
"d011c9fc-3598-4f0b-b059-85d63de31a9f.htseq.counts.gz","d011c9fc-3598-4f0b-b059-85d63de31a9f.htseq.counts.gz","TCGA-05-4417-01A-22R-1858-07"
"b2bd3b9d-2380-47bb-a13d-a4e7a00d6740.htseq.counts.gz","b2bd3b9d-2380-47bb-a13d-a4e7a00d6740.htseq.counts.gz","TCGA-49-4507-01A-01R-1206-07"
"8a2863d8-26a3-443e-a36f-5c149de57136.htseq.counts.gz","8a2863d8-26a3-443e-a36f-5c149de57136.htseq.counts.gz","TCGA-75-6207-01A-11R-1755-07"
"a5869c6f-c024-4eaa-9379-eabe99b45e70.htseq.counts.gz","a5869c6f-c024-4eaa-9379-eabe99b45e70.htseq.counts.gz","TCGA-97-8177-01A-11R-2287-07"
"5f02561f-c7c7-4cea-997e-cfdf2ae02128.htseq.counts.gz","5f02561f-c7c7-4cea-997e-cfdf2ae02128.htseq.counts.gz","TCGA-78-7161-01A-11R-2039-07"
"9e64cef1-ee63-44eb-b58f-c19b98c99c9e.htseq.counts.gz","9e64cef1-ee63-44eb-b58f-c19b98c99c9e.htseq.counts.gz","TCGA-86-8073-01A-11R-2241-07"
"df398753-08fc-4a1d-90b1-a44760be2560.htseq.counts.gz","df398753-08fc-4a1d-90b1-a44760be2560.htseq.counts.gz","TCGA-MP-A4TE-01A-22R-A466-07"
"e9205c80-39e9-446d-8151-f493e43228c4.htseq.counts.gz","e9205c80-39e9-446d-8151-f493e43228c4.htseq.counts.gz","TCGA-97-A4M3-01A-11R-A24X-07"
"59e22196-c04d-46c9-b16f-98858dca67d1.htseq.counts.gz","59e22196-c04d-46c9-b16f-98858dca67d1.htseq.counts.gz","TCGA-86-A4D0-01A-11R-A24H-07"
"82cd39d8-7a0d-4ebf-adad-57b3a4e68262.htseq.counts.gz","82cd39d8-7a0d-4ebf-adad-57b3a4e68262.htseq.counts.gz","TCGA-49-4490-01A-21R-1858-07"
"b13f356a-71cb-41d0-a53d-51553db8987f.htseq.counts.gz","b13f356a-71cb-41d0-a53d-51553db8987f.htseq.counts.gz","TCGA-44-6775-01C-02R-A277-07"
"898379ca-0a5c-4436-95d1-bb50239864ea.htseq.counts.gz","898379ca-0a5c-4436-95d1-bb50239864ea.htseq.counts.gz","TCGA-78-7537-01A-11R-2066-07"
"fc867c2d-8e5d-4e2a-80b2-48be873efc56.htseq.counts.gz","fc867c2d-8e5d-4e2a-80b2-48be873efc56.htseq.counts.gz","TCGA-44-7670-01A-11R-2066-07"
"36c6972a-3041-478c-a68d-702af9cc4954.htseq.counts.gz","36c6972a-3041-478c-a68d-702af9cc4954.htseq.counts.gz","TCGA-44-6146-11A-01R-1858-07"
"ba17045d-3dee-4863-9cec-54e2da669662.htseq.counts.gz","ba17045d-3dee-4863-9cec-54e2da669662.htseq.counts.gz","TCGA-53-7624-01A-11R-2066-07"
"2ba1fb7e-8853-46ab-8536-770345dc6e9c.htseq.counts.gz","2ba1fb7e-8853-46ab-8536-770345dc6e9c.htseq.counts.gz","TCGA-97-8171-01A-11R-2287-07"
"b992fcfa-0303-41a6-86dc-10414c33c38c.htseq.counts.gz","b992fcfa-0303-41a6-86dc-10414c33c38c.htseq.counts.gz","TCGA-78-8640-01A-11R-2403-07"
"e9e3fc43-78f3-43ab-9ed6-c9363ceebdcc.htseq.counts.gz","e9e3fc43-78f3-43ab-9ed6-c9363ceebdcc.htseq.counts.gz","TCGA-50-6592-01A-11R-1755-07"
"ca7c56ab-9248-4c27-8992-8f73746d8d9b.htseq.counts.gz","ca7c56ab-9248-4c27-8992-8f73746d8d9b.htseq.counts.gz","TCGA-93-A4JQ-01A-11R-A24X-07"
"c258e44b-44c5-43d7-835e-912049ae12c4.htseq.counts.gz","c258e44b-44c5-43d7-835e-912049ae12c4.htseq.counts.gz","TCGA-55-7573-01A-11R-2039-07"
"7160e771-bab5-4ca6-a2da-65fdc4b8358d.htseq.counts.gz","7160e771-bab5-4ca6-a2da-65fdc4b8358d.htseq.counts.gz","TCGA-38-A44F-01A-11R-A24H-07"
"69f590a7-8b7d-46e4-9a90-a1a3d59771f9.htseq.counts.gz","69f590a7-8b7d-46e4-9a90-a1a3d59771f9.htseq.counts.gz","TCGA-44-3396-11A-01R-1758-07"
"7dd3791f-7a65-4eea-9be2-3a0ca83ba46d.htseq.counts.gz","7dd3791f-7a65-4eea-9be2-3a0ca83ba46d.htseq.counts.gz","TCGA-55-A4DF-01A-11R-A24H-07"
"51221b71-eaee-41f0-849f-98ef800ad010.htseq.counts.gz","51221b71-eaee-41f0-849f-98ef800ad010.htseq.counts.gz","TCGA-75-7025-01A-12R-1949-07"
"cc296619-683f-4339-ab1f-51d567fc678a.htseq.counts.gz","cc296619-683f-4339-ab1f-51d567fc678a.htseq.counts.gz","TCGA-55-6986-01A-11R-1949-07"
"994acd99-03f8-47d3-82f0-2b1cbdf86d8a.htseq.counts.gz","994acd99-03f8-47d3-82f0-2b1cbdf86d8a.htseq.counts.gz","TCGA-MP-A4T9-01A-11R-A24X-07"
"12b16f45-0e5e-4c24-85b5-fd05a6482fa2.htseq.counts.gz","12b16f45-0e5e-4c24-85b5-fd05a6482fa2.htseq.counts.gz","TCGA-55-6978-01A-11R-1949-07"
"6b953214-e5c8-4aae-b257-f7e326ce0b2b.htseq.counts.gz","6b953214-e5c8-4aae-b257-f7e326ce0b2b.htseq.counts.gz","TCGA-49-AAR9-01A-21R-A41B-07"
"d5a54e1d-02d7-4cee-b6b1-e0a616cc322d.htseq.counts.gz","d5a54e1d-02d7-4cee-b6b1-e0a616cc322d.htseq.counts.gz","TCGA-73-4658-01A-01R-1755-07"
"b2157771-1197-44e2-9c5f-345ca584bc16.htseq.counts.gz","b2157771-1197-44e2-9c5f-345ca584bc16.htseq.counts.gz","TCGA-55-8514-01A-11R-2403-07"
"1d5c03c6-a0a3-4255-b54c-d9bfac305a7f.htseq.counts.gz","1d5c03c6-a0a3-4255-b54c-d9bfac305a7f.htseq.counts.gz","TCGA-44-2656-01B-06R-A277-07"
"6d0cf353-e818-4173-a200-2c8dd85d49f1.htseq.counts.gz","6d0cf353-e818-4173-a200-2c8dd85d49f1.htseq.counts.gz","TCGA-49-6743-11A-01R-1858-07"
"90af0faf-3e8c-4741-bf49-f87a5b21d54c.htseq.counts.gz","90af0faf-3e8c-4741-bf49-f87a5b21d54c.htseq.counts.gz","TCGA-67-3771-01A-01R-0946-07"
"7ea958f2-f45d-4549-9d45-07c51eebae99.htseq.counts.gz","7ea958f2-f45d-4549-9d45-07c51eebae99.htseq.counts.gz","TCGA-44-7672-01A-11R-2066-07"
"a55e6cad-f959-47f9-a525-d429099c7e99.htseq.counts.gz","a55e6cad-f959-47f9-a525-d429099c7e99.htseq.counts.gz","TCGA-78-8662-01A-11R-2403-07"
"bf09f1fe-5f5d-4262-9159-5ec62f86294e.htseq.counts.gz","bf09f1fe-5f5d-4262-9159-5ec62f86294e.htseq.counts.gz","TCGA-80-5611-01A-01R-1628-07"
"8bb0ee3a-c7d0-4110-b13b-eb7d087ece61.htseq.counts.gz","8bb0ee3a-c7d0-4110-b13b-eb7d087ece61.htseq.counts.gz","TCGA-97-7547-01A-11R-2039-07"
"cd8d48a8-d183-48ab-82f8-ffb11224239a.htseq.counts.gz","cd8d48a8-d183-48ab-82f8-ffb11224239a.htseq.counts.gz","TCGA-62-A471-01A-12R-A24H-07"
"83da3553-d0ec-419a-8527-a5bb7101929f.htseq.counts.gz","83da3553-d0ec-419a-8527-a5bb7101929f.htseq.counts.gz","TCGA-55-8096-01A-11R-2241-07"
"6f7a250a-353a-4306-8c29-eec6582884eb.htseq.counts.gz","6f7a250a-353a-4306-8c29-eec6582884eb.htseq.counts.gz","TCGA-91-6847-11A-01R-1949-07"
"35a1df51-9daf-4d8b-ab87-222b8562244a.htseq.counts.gz","35a1df51-9daf-4d8b-ab87-222b8562244a.htseq.counts.gz","TCGA-50-5935-11A-01R-1858-07"
"485f059b-e143-40b6-b4d2-96bb7497558f.htseq.counts.gz","485f059b-e143-40b6-b4d2-96bb7497558f.htseq.counts.gz","TCGA-75-6205-01A-11R-1755-07"
"53e1ec28-49b8-4a9e-b4e3-f44fd44b68c9.htseq.counts.gz","53e1ec28-49b8-4a9e-b4e3-f44fd44b68c9.htseq.counts.gz","TCGA-55-8085-01A-11R-2241-07"
"6e3def3d-ec60-4503-86f3-334ba6bccd9f.htseq.counts.gz","6e3def3d-ec60-4503-86f3-334ba6bccd9f.htseq.counts.gz","TCGA-62-A46V-01A-11R-A24H-07"
"778e1365-7b5e-469c-915d-c3be22bec7a8.htseq.counts.gz","778e1365-7b5e-469c-915d-c3be22bec7a8.htseq.counts.gz","TCGA-05-5423-01A-01R-1628-07"
"60f8b5a7-a7da-4dd6-88d0-97dbf4c3c269.htseq.counts.gz","60f8b5a7-a7da-4dd6-88d0-97dbf4c3c269.htseq.counts.gz","TCGA-55-6543-01A-11R-1755-07"
"cf792f7f-a3ee-4544-b029-8c4e4da4f973.htseq.counts.gz","cf792f7f-a3ee-4544-b029-8c4e4da4f973.htseq.counts.gz","TCGA-05-5420-01A-01R-1628-07"
"aa5ba703-5bc5-4536-98cd-ab31520d29d7.htseq.counts.gz","aa5ba703-5bc5-4536-98cd-ab31520d29d7.htseq.counts.gz","TCGA-50-5936-01A-11R-1628-07"
"1dd5ec67-7a28-4870-97a0-c408daf6c48f.htseq.counts.gz","1dd5ec67-7a28-4870-97a0-c408daf6c48f.htseq.counts.gz","TCGA-55-A490-01A-11R-A466-07"
"82bbc554-6c00-4a55-9295-a36ad9e648c3.htseq.counts.gz","82bbc554-6c00-4a55-9295-a36ad9e648c3.htseq.counts.gz","TCGA-55-8506-01A-11R-2403-07"
"f994e1d7-6427-4884-8993-f930c6331bff.htseq.counts.gz","f994e1d7-6427-4884-8993-f930c6331bff.htseq.counts.gz","TCGA-55-8087-01A-11R-2241-07"
"3c54cfc7-eed0-454e-9877-40eb85a7240a.htseq.counts.gz","3c54cfc7-eed0-454e-9877-40eb85a7240a.htseq.counts.gz","TCGA-44-5644-01A-21R-2039-07"
"39ef3ef1-d868-4c8c-81a1-238451a08f11.htseq.counts.gz","39ef3ef1-d868-4c8c-81a1-238451a08f11.htseq.counts.gz","TCGA-38-4631-01A-01R-1755-07"
"4984202f-29c6-4d54-9db5-c5965cf60ba1.htseq.counts.gz","4984202f-29c6-4d54-9db5-c5965cf60ba1.htseq.counts.gz","TCGA-62-A46S-01A-11R-A24H-07"
"9fc18ac7-7fce-4840-b2c5-5daac7e422cf.htseq.counts.gz","9fc18ac7-7fce-4840-b2c5-5daac7e422cf.htseq.counts.gz","TCGA-78-7145-01A-11R-2039-07"
"0627e7ce-b8f8-4a64-bc6e-12edd3d736f3.htseq.counts.gz","0627e7ce-b8f8-4a64-bc6e-12edd3d736f3.htseq.counts.gz","TCGA-62-8394-01A-11R-2326-07"
"d487d4a4-5ac3-4c0b-95d3-4dc46690410e.htseq.counts.gz","d487d4a4-5ac3-4c0b-95d3-4dc46690410e.htseq.counts.gz","TCGA-97-8176-01A-11R-2403-07"
"ce4ac30d-f2e6-40f3-a2db-fdcf0218b8fb.htseq.counts.gz","ce4ac30d-f2e6-40f3-a2db-fdcf0218b8fb.htseq.counts.gz","TCGA-97-A4LX-01A-11R-A24X-07"
"b5b0644d-9eb9-44aa-a5a1-39e9630ad156.htseq.counts.gz","b5b0644d-9eb9-44aa-a5a1-39e9630ad156.htseq.counts.gz","TCGA-05-4426-01A-01R-1206-07"
"97f3c6a3-a3b8-4f59-9242-8845fa1c90a8.htseq.counts.gz","97f3c6a3-a3b8-4f59-9242-8845fa1c90a8.htseq.counts.gz","TCGA-05-4395-01A-01R-1206-07"
"4f361433-9254-4f3e-9e1b-39d665e17398.htseq.counts.gz","4f361433-9254-4f3e-9e1b-39d665e17398.htseq.counts.gz","TCGA-86-8669-01A-11R-2403-07"
"f0e294df-f0be-48bc-90ab-ea05a387a0cb.htseq.counts.gz","f0e294df-f0be-48bc-90ab-ea05a387a0cb.htseq.counts.gz","TCGA-44-7660-01A-11R-2066-07"
"6262c85a-4d2c-4b03-a3c3-1bbe5dfb008a.htseq.counts.gz","6262c85a-4d2c-4b03-a3c3-1bbe5dfb008a.htseq.counts.gz","TCGA-44-2662-01A-01R-A278-07"
"7c9551e0-06bb-4846-b407-a95931200318.htseq.counts.gz","7c9551e0-06bb-4846-b407-a95931200318.htseq.counts.gz","TCGA-97-7546-01A-11R-2039-07"
"3fbb4c61-e8c6-40dc-b7bc-786380add78d.htseq.counts.gz","3fbb4c61-e8c6-40dc-b7bc-786380add78d.htseq.counts.gz","TCGA-44-4112-01B-06R-A277-07"
"df692bf8-d523-4528-aa0c-a0549373adee.htseq.counts.gz","df692bf8-d523-4528-aa0c-a0549373adee.htseq.counts.gz","TCGA-64-5774-01A-01R-1628-07"
"ca21d25f-5466-487a-9e98-6c47da924dae.htseq.counts.gz","ca21d25f-5466-487a-9e98-6c47da924dae.htseq.counts.gz","TCGA-78-8660-01A-11R-2403-07"
"8158a767-89ce-4bf8-82fd-edfd3e54038e.htseq.counts.gz","8158a767-89ce-4bf8-82fd-edfd3e54038e.htseq.counts.gz","TCGA-55-A48Y-01A-11R-A24H-07"
"173d8cb8-d151-4766-b61c-7ecdf8af56ca.htseq.counts.gz","173d8cb8-d151-4766-b61c-7ecdf8af56ca.htseq.counts.gz","TCGA-05-4430-01A-02R-1206-07"
"ae95b302-bd9d-4d3b-a791-2f788bf53d24.htseq.counts.gz","ae95b302-bd9d-4d3b-a791-2f788bf53d24.htseq.counts.gz","TCGA-95-7043-01A-11R-1949-07"
"a925313a-a7d5-4c64-a440-7d7bdd7e89d0.htseq.counts.gz","a925313a-a7d5-4c64-a440-7d7bdd7e89d0.htseq.counts.gz","TCGA-86-8674-01A-21R-2403-07"
"4ea3866e-01a6-490c-84a5-546c142ebcb5.htseq.counts.gz","4ea3866e-01a6-490c-84a5-546c142ebcb5.htseq.counts.gz","TCGA-NJ-A55A-01A-11R-A262-07"
"98b20d7c-8d7e-4d6f-bdf1-67fc8d05a26c.htseq.counts.gz","98b20d7c-8d7e-4d6f-bdf1-67fc8d05a26c.htseq.counts.gz","TCGA-69-7973-01A-11R-2187-07"
"d123efcb-e79f-4ac5-a0a2-068634e84d26.htseq.counts.gz","d123efcb-e79f-4ac5-a0a2-068634e84d26.htseq.counts.gz","TCGA-55-8619-01A-11R-2403-07"
"1363db56-5cfb-4f87-a485-9d2978a5ad58.htseq.counts.gz","1363db56-5cfb-4f87-a485-9d2978a5ad58.htseq.counts.gz","TCGA-49-6742-11A-01R-1858-07"
"213d57e8-a4e9-4f31-b711-a80ddfe644b7.htseq.counts.gz","213d57e8-a4e9-4f31-b711-a80ddfe644b7.htseq.counts.gz","TCGA-05-4434-01A-01R-1206-07"
"708e035d-e38b-4969-a96e-f7c324b3f8a3.htseq.counts.gz","708e035d-e38b-4969-a96e-f7c324b3f8a3.htseq.counts.gz","TCGA-49-4490-11A-01R-1858-07"
"b92498c2-6e54-4fd0-b752-18932e915381.htseq.counts.gz","b92498c2-6e54-4fd0-b752-18932e915381.htseq.counts.gz","TCGA-44-5645-11A-01R-1628-07"
"ac3052a6-d735-4755-9145-80b9f633c838.htseq.counts.gz","ac3052a6-d735-4755-9145-80b9f633c838.htseq.counts.gz","TCGA-44-7662-01A-11R-2066-07"
"592b3724-0836-41e9-b4d0-1bce729e7a1f.htseq.counts.gz","592b3724-0836-41e9-b4d0-1bce729e7a1f.htseq.counts.gz","TCGA-93-7348-01A-21R-2039-07"
"0d6ef3a0-0ac4-4898-a438-34bbbfde6341.htseq.counts.gz","0d6ef3a0-0ac4-4898-a438-34bbbfde6341.htseq.counts.gz","TCGA-44-6776-01A-11R-1858-07"
"701cb0e2-a169-47ce-b34a-4bb86501c82d.htseq.counts.gz","701cb0e2-a169-47ce-b34a-4bb86501c82d.htseq.counts.gz","TCGA-J2-A4AG-01A-11R-A24H-07"
"be006f64-936c-416c-9e49-c7a861e55522.htseq.counts.gz","be006f64-936c-416c-9e49-c7a861e55522.htseq.counts.gz","TCGA-67-3770-01A-01R-0946-07"
"3bd86fe7-7ac0-4ddd-a676-06b12845fb7e.htseq.counts.gz","3bd86fe7-7ac0-4ddd-a676-06b12845fb7e.htseq.counts.gz","TCGA-62-8402-01A-11R-2326-07"
"4ed9b51a-78a1-48c7-90bd-8ecd2e5767ad.htseq.counts.gz","4ed9b51a-78a1-48c7-90bd-8ecd2e5767ad.htseq.counts.gz","TCGA-55-7907-01A-11R-2170-07"
"252eeb0c-fad1-4c29-bdd8-57b511852de5.htseq.counts.gz","252eeb0c-fad1-4c29-bdd8-57b511852de5.htseq.counts.gz","TCGA-91-6835-11A-01R-1858-07"
"89658cba-f8bd-49a1-99a7-265f7d5195c8.htseq.counts.gz","89658cba-f8bd-49a1-99a7-265f7d5195c8.htseq.counts.gz","TCGA-44-3917-01A-01R-A278-07"
"491c7f67-a4c0-4d26-949e-773cb0f123ae.htseq.counts.gz","491c7f67-a4c0-4d26-949e-773cb0f123ae.htseq.counts.gz","TCGA-55-8206-01A-11R-2241-07"
"8458d0dd-5bc6-42e7-a60d-2953cec4ac9d.htseq.counts.gz","8458d0dd-5bc6-42e7-a60d-2953cec4ac9d.htseq.counts.gz","TCGA-50-8457-01A-11R-2326-07"
"2391658d-7cf2-4a09-8dd5-19ea7a37dadf.htseq.counts.gz","2391658d-7cf2-4a09-8dd5-19ea7a37dadf.htseq.counts.gz","TCGA-91-6849-11A-01R-1949-07"
"b4661ac5-95c7-450e-8797-b2dbe04ad1ee.htseq.counts.gz","b4661ac5-95c7-450e-8797-b2dbe04ad1ee.htseq.counts.gz","TCGA-50-5939-01A-11R-1628-07"
"1b3deeeb-5fde-4154-a57f-bb575ccfb2be.htseq.counts.gz","1b3deeeb-5fde-4154-a57f-bb575ccfb2be.htseq.counts.gz","TCGA-69-7760-01A-11R-2170-07"
"165a0e8c-b70f-4fbd-8664-49f3764383ff.htseq.counts.gz","165a0e8c-b70f-4fbd-8664-49f3764383ff.htseq.counts.gz","TCGA-97-8552-01A-11R-2403-07"
"8aa24565-3c27-4ed0-be70-6e571a609827.htseq.counts.gz","8aa24565-3c27-4ed0-be70-6e571a609827.htseq.counts.gz","TCGA-J2-8194-01A-11R-2241-07"
"d82516e5-6536-4666-b834-82111e0de77b.htseq.counts.gz","d82516e5-6536-4666-b834-82111e0de77b.htseq.counts.gz","TCGA-50-5946-01A-11R-1755-07"
"ca5c1f97-379b-484c-871b-d744ac26edc3.htseq.counts.gz","ca5c1f97-379b-484c-871b-d744ac26edc3.htseq.counts.gz","TCGA-62-A470-01A-11R-A24H-07"
"99580e31-0d96-415a-9519-91c493709684.htseq.counts.gz","99580e31-0d96-415a-9519-91c493709684.htseq.counts.gz","TCGA-78-7158-01A-11R-2039-07"
"69fd8112-03f0-4d28-aa51-03317daf4616.htseq.counts.gz","69fd8112-03f0-4d28-aa51-03317daf4616.htseq.counts.gz","TCGA-64-5815-01A-01R-1628-07"
"557b2e70-c648-4da7-90b6-b2d844e9b6ac.htseq.counts.gz","557b2e70-c648-4da7-90b6-b2d844e9b6ac.htseq.counts.gz","TCGA-44-2657-11A-01R-1758-07"
"d31beca5-e987-4def-906a-63f68ecc5c7a.htseq.counts.gz","d31beca5-e987-4def-906a-63f68ecc5c7a.htseq.counts.gz","TCGA-44-2665-01A-01R-0946-07"
"6d53bf05-58d4-4633-b2da-0dd71d89ee91.htseq.counts.gz","6d53bf05-58d4-4633-b2da-0dd71d89ee91.htseq.counts.gz","TCGA-55-6972-01A-11R-1949-07"
"bc81c085-a31e-4b2d-9697-3680d9b0f132.htseq.counts.gz","bc81c085-a31e-4b2d-9697-3680d9b0f132.htseq.counts.gz","TCGA-50-5939-11A-01R-1628-07"
"2b4af4f1-5bdb-486d-9115-8527e6a043ca.htseq.counts.gz","2b4af4f1-5bdb-486d-9115-8527e6a043ca.htseq.counts.gz","TCGA-MP-A4TJ-01A-51R-A262-07"
"adf180fd-e40c-433a-af02-9c2cfe8174bd.htseq.counts.gz","adf180fd-e40c-433a-af02-9c2cfe8174bd.htseq.counts.gz","TCGA-55-6979-11A-01R-1949-07"
"05582ed0-da34-418a-b96e-fb4505e9ee03.htseq.counts.gz","05582ed0-da34-418a-b96e-fb4505e9ee03.htseq.counts.gz","TCGA-55-7283-01A-11R-2039-07"
"b30ff193-2e02-443a-9a87-7ab4027bccaf.htseq.counts.gz","b30ff193-2e02-443a-9a87-7ab4027bccaf.htseq.counts.gz","TCGA-78-7148-01A-11R-2039-07"
"7844b74a-2846-4f42-8874-edcc90261fef.htseq.counts.gz","7844b74a-2846-4f42-8874-edcc90261fef.htseq.counts.gz","TCGA-44-3918-01A-01R-A278-07"
"d38d30c2-78fe-4e5f-a94b-56080bf4371a.htseq.counts.gz","d38d30c2-78fe-4e5f-a94b-56080bf4371a.htseq.counts.gz","TCGA-55-7903-01A-11R-2170-07"
"97cabc84-779b-4a98-9518-93ba4523db4a.htseq.counts.gz","97cabc84-779b-4a98-9518-93ba4523db4a.htseq.counts.gz","TCGA-44-2668-01A-01R-A278-07"
"58ce6671-f931-42fc-acb2-fac1ad460a22.htseq.counts.gz","58ce6671-f931-42fc-acb2-fac1ad460a22.htseq.counts.gz","TCGA-75-6214-01A-41R-1949-07"
"b1f9bae8-7483-41ba-aab7-7a051850df23.htseq.counts.gz","b1f9bae8-7483-41ba-aab7-7a051850df23.htseq.counts.gz","TCGA-73-4675-01A-01R-1206-07"
"a7db602f-114f-4e8b-ae0f-2295f6cbeb4d.htseq.counts.gz","a7db602f-114f-4e8b-ae0f-2295f6cbeb4d.htseq.counts.gz","TCGA-71-8520-01A-11R-2403-07"
"9dd22540-6908-447a-bc26-2da5522f68b6.htseq.counts.gz","9dd22540-6908-447a-bc26-2da5522f68b6.htseq.counts.gz","TCGA-NJ-A4YF-01A-12R-A262-07"
"c997087f-4415-4d46-a3f5-e5129d645e3a.htseq.counts.gz","c997087f-4415-4d46-a3f5-e5129d645e3a.htseq.counts.gz","TCGA-05-5425-01A-02R-1628-07"
"9c21f775-3dff-43de-9a05-b25480cbe815.htseq.counts.gz","9c21f775-3dff-43de-9a05-b25480cbe815.htseq.counts.gz","TCGA-49-6744-01A-11R-1858-07"
"8f4891e2-55c1-48f4-bdce-c3848f74b8dc.htseq.counts.gz","8f4891e2-55c1-48f4-bdce-c3848f74b8dc.htseq.counts.gz","TCGA-80-5608-01A-31R-1949-07"
"5fedbbb9-10a8-4f18-a1e8-30b3d6164083.htseq.counts.gz","5fedbbb9-10a8-4f18-a1e8-30b3d6164083.htseq.counts.gz","TCGA-78-7160-01A-11R-2039-07"
"73912113-540a-41bd-ada5-4f427592dfee.htseq.counts.gz","73912113-540a-41bd-ada5-4f427592dfee.htseq.counts.gz","TCGA-55-6970-11A-01R-1949-07"
"d6782f96-ac2e-473a-8adb-7cdaf648d5db.htseq.counts.gz","d6782f96-ac2e-473a-8adb-7cdaf648d5db.htseq.counts.gz","TCGA-55-8097-01A-11R-2241-07"
"9e7321e1-0c7e-4140-bb4c-f322d81be7ee.htseq.counts.gz","9e7321e1-0c7e-4140-bb4c-f322d81be7ee.htseq.counts.gz","TCGA-MP-A4TC-01A-11R-A24X-07"
"72091aa8-e5a3-4468-8604-e5fbfefe5971.htseq.counts.gz","72091aa8-e5a3-4468-8604-e5fbfefe5971.htseq.counts.gz","TCGA-97-8179-01A-11R-2287-07"
"13cf1657-4a38-4e8b-a3e4-8223ba78c6a5.htseq.counts.gz","13cf1657-4a38-4e8b-a3e4-8223ba78c6a5.htseq.counts.gz","TCGA-55-7728-01A-11R-2187-07"
"74a288d5-7bb7-414b-b422-f9a4548a8433.htseq.counts.gz","74a288d5-7bb7-414b-b422-f9a4548a8433.htseq.counts.gz","TCGA-44-2657-01A-01R-1107-07"
"c63458fd-9b68-40d2-86a4-dc69f9946c36.htseq.counts.gz","c63458fd-9b68-40d2-86a4-dc69f9946c36.htseq.counts.gz","TCGA-44-3917-01B-02R-A277-07"
"d10d51ab-05a4-4fa4-a0a8-2583db9a4168.htseq.counts.gz","d10d51ab-05a4-4fa4-a0a8-2583db9a4168.htseq.counts.gz","TCGA-97-A4M6-01A-11R-A24X-07"
"68acaa5e-6a27-499f-925d-710af9d30710.htseq.counts.gz","68acaa5e-6a27-499f-925d-710af9d30710.htseq.counts.gz","TCGA-55-6642-01A-11R-1858-07"
"c584b745-3bff-4591-8460-02eb1a00d214.htseq.counts.gz","c584b745-3bff-4591-8460-02eb1a00d214.htseq.counts.gz","TCGA-50-5051-01A-21R-1858-07"
"fc1963bb-e709-467b-950f-0177512ba35e.htseq.counts.gz","fc1963bb-e709-467b-950f-0177512ba35e.htseq.counts.gz","TCGA-86-A4P8-01A-11R-A24X-07"
"b9e1ccfb-5124-4f8a-8f6e-8ecfeaa54e9e.htseq.counts.gz","b9e1ccfb-5124-4f8a-8f6e-8ecfeaa54e9e.htseq.counts.gz","TCGA-78-7150-01A-21R-2039-07"
"feb99183-103f-4ca1-b61a-b88227826952.htseq.counts.gz","feb99183-103f-4ca1-b61a-b88227826952.htseq.counts.gz","TCGA-78-7159-01A-11R-2039-07"
"97fbdeeb-5066-44c3-93ad-b05917236933.htseq.counts.gz","97fbdeeb-5066-44c3-93ad-b05917236933.htseq.counts.gz","TCGA-05-4403-01A-01R-1206-07"
"a24d07c0-9b91-4538-96d2-f97544f4dbb0.htseq.counts.gz","a24d07c0-9b91-4538-96d2-f97544f4dbb0.htseq.counts.gz","TCGA-NJ-A7XG-01A-12R-A39D-07"
"e158cf09-9e8a-4a3f-9097-2f94222e5461.htseq.counts.gz","e158cf09-9e8a-4a3f-9097-2f94222e5461.htseq.counts.gz","TCGA-L9-A444-01A-21R-A24H-07"
"35a20ef3-e207-45f7-9854-6b565e8f3849.htseq.counts.gz","35a20ef3-e207-45f7-9854-6b565e8f3849.htseq.counts.gz","TCGA-44-6147-11A-01R-1858-07"
"f290cd17-7e92-4c27-be1d-ebf2b7bf8c17.htseq.counts.gz","f290cd17-7e92-4c27-be1d-ebf2b7bf8c17.htseq.counts.gz","TCGA-55-7227-01A-11R-2039-07"
"abf27f2d-63a4-4903-b17c-51d428d8ba96.htseq.counts.gz","abf27f2d-63a4-4903-b17c-51d428d8ba96.htseq.counts.gz","TCGA-49-AARN-01A-21R-A41B-07"
"3be615b7-aa41-47c4-852d-a5423cd03188.htseq.counts.gz","3be615b7-aa41-47c4-852d-a5423cd03188.htseq.counts.gz","TCGA-55-1596-01A-01R-0946-07"
"c58c1851-be04-4875-96ff-2833bb6af91c.htseq.counts.gz","c58c1851-be04-4875-96ff-2833bb6af91c.htseq.counts.gz","TCGA-44-5645-01A-01R-1628-07"
"0ea05ccb-3752-491c-acc2-ee397fef52da.htseq.counts.gz","0ea05ccb-3752-491c-acc2-ee397fef52da.htseq.counts.gz","TCGA-4B-A93V-01A-11R-A39D-07"
"b32ed1d3-c9f1-42c7-ad2a-32794591a839.htseq.counts.gz","b32ed1d3-c9f1-42c7-ad2a-32794591a839.htseq.counts.gz","TCGA-L9-A7SV-01A-11R-A39D-07"
"fddb387d-716e-48ca-9e99-483564c5384b.htseq.counts.gz","fddb387d-716e-48ca-9e99-483564c5384b.htseq.counts.gz","TCGA-75-7031-01A-11R-1949-07"
"53424807-1674-4d2c-9d76-dd907f6a8ad3.htseq.counts.gz","53424807-1674-4d2c-9d76-dd907f6a8ad3.htseq.counts.gz","TCGA-MP-A4TK-01A-11R-A24X-07"
"8c64308a-d5ee-462e-962a-9cb83acd43d6.htseq.counts.gz","8c64308a-d5ee-462e-962a-9cb83acd43d6.htseq.counts.gz","TCGA-95-A4VK-01A-11R-A262-07"
"12c4510a-fbad-4bff-97b5-846d4da395bd.htseq.counts.gz","12c4510a-fbad-4bff-97b5-846d4da395bd.htseq.counts.gz","TCGA-50-5936-11A-01R-1628-07"
"f9d52f9e-4f82-431a-a427-1c1259b8e765.htseq.counts.gz","f9d52f9e-4f82-431a-a427-1c1259b8e765.htseq.counts.gz","TCGA-78-7146-01A-11R-2039-07"
"ed610a8d-576a-4f6a-8259-01f9dd48b9d4.htseq.counts.gz","ed610a8d-576a-4f6a-8259-01f9dd48b9d4.htseq.counts.gz","TCGA-78-7147-01A-11R-2039-07"
"156c4f8b-4467-46d0-bc55-085a29377f3e.htseq.counts.gz","156c4f8b-4467-46d0-bc55-085a29377f3e.htseq.counts.gz","TCGA-44-5645-01B-04R-A277-07"
"32f7779d-9065-4241-ad44-efe90148ac23.htseq.counts.gz","32f7779d-9065-4241-ad44-efe90148ac23.htseq.counts.gz","TCGA-50-6595-01A-12R-1858-07"
"ce786209-c77d-47e0-95a6-20c036bed8b3.htseq.counts.gz","ce786209-c77d-47e0-95a6-20c036bed8b3.htseq.counts.gz","TCGA-64-5778-01A-01R-1628-07"
"e897fe45-26b8-468a-84fd-e1ad54f840e3.htseq.counts.gz","e897fe45-26b8-468a-84fd-e1ad54f840e3.htseq.counts.gz","TCGA-69-7765-01A-11R-2170-07"
"0c0d8887-ff41-46ae-9aba-f6f98f8c1c5e.htseq.counts.gz","0c0d8887-ff41-46ae-9aba-f6f98f8c1c5e.htseq.counts.gz","TCGA-55-8508-01A-11R-2403-07"
"fea5e368-ce88-4930-9283-c1b9f9c79a70.htseq.counts.gz","fea5e368-ce88-4930-9283-c1b9f9c79a70.htseq.counts.gz","TCGA-62-8398-01A-11R-2326-07"
"89a3db54-ffab-4341-99b6-a2213829bc0c.htseq.counts.gz","89a3db54-ffab-4341-99b6-a2213829bc0c.htseq.counts.gz","TCGA-44-7661-01A-11R-2066-07"
"e3b11f64-075b-49d2-8d18-85afab1cff82.htseq.counts.gz","e3b11f64-075b-49d2-8d18-85afab1cff82.htseq.counts.gz","TCGA-44-3398-01A-01R-1107-07"
"8dcf8486-6c13-4623-90c9-2c9f65f58fc8.htseq.counts.gz","8dcf8486-6c13-4623-90c9-2c9f65f58fc8.htseq.counts.gz","TCGA-44-7659-01A-11R-2066-07"
"5d6d057e-dd3f-4a85-8bf1-74d5069c7d9d.htseq.counts.gz","5d6d057e-dd3f-4a85-8bf1-74d5069c7d9d.htseq.counts.gz","TCGA-35-3615-01A-01R-0946-07"
"a6801749-f1cc-4824-8be9-c86df987b768.htseq.counts.gz","a6801749-f1cc-4824-8be9-c86df987b768.htseq.counts.gz","TCGA-55-7815-01A-11R-2170-07"
"027ec9be-7e41-44df-8f61-1e5698303eac.htseq.counts.gz","027ec9be-7e41-44df-8f61-1e5698303eac.htseq.counts.gz","TCGA-44-2665-11A-01R-1758-07"
"eef74b1b-b56d-4c1e-8524-952542b64eb0.htseq.counts.gz","eef74b1b-b56d-4c1e-8524-952542b64eb0.htseq.counts.gz","TCGA-86-8281-01A-11R-2287-07"
"4e3e715c-d067-48d9-96cc-0a49c3ac611a.htseq.counts.gz","4e3e715c-d067-48d9-96cc-0a49c3ac611a.htseq.counts.gz","TCGA-55-6972-11A-01R-1949-07"
"b01ddd22-5864-4e4a-a463-62831421fe99.htseq.counts.gz","b01ddd22-5864-4e4a-a463-62831421fe99.htseq.counts.gz","TCGA-95-7948-01A-11R-2187-07"
"09572b33-5517-462d-9a46-ec3d9b11b59b.htseq.counts.gz","09572b33-5517-462d-9a46-ec3d9b11b59b.htseq.counts.gz","TCGA-55-7914-01A-11R-2170-07"
"2c4641bd-928f-4fa2-9931-3351955c2396.htseq.counts.gz","2c4641bd-928f-4fa2-9931-3351955c2396.htseq.counts.gz","TCGA-55-7725-01A-11R-2170-07"
"dfbd7fa2-381f-4d52-a997-8e9ec71f760f.htseq.counts.gz","dfbd7fa2-381f-4d52-a997-8e9ec71f760f.htseq.counts.gz","TCGA-50-5931-11A-01R-1858-07"
"29b681e1-b036-4b63-9113-59bb58618c8a.htseq.counts.gz","29b681e1-b036-4b63-9113-59bb58618c8a.htseq.counts.gz","TCGA-50-5049-01A-01R-1628-07"
"b0937926-a768-41bd-80bc-68d4e5743f8c.htseq.counts.gz","b0937926-a768-41bd-80bc-68d4e5743f8c.htseq.counts.gz","TCGA-49-4487-01A-21R-1858-07"
"a1231612-345f-4ff4-8ee9-c5e596357f76.htseq.counts.gz","a1231612-345f-4ff4-8ee9-c5e596357f76.htseq.counts.gz","TCGA-86-8358-01A-11R-2326-07"
"65a21b09-322b-47cf-86bf-88916094c4f7.htseq.counts.gz","65a21b09-322b-47cf-86bf-88916094c4f7.htseq.counts.gz","TCGA-55-7727-01A-11R-2170-07"
"795e7910-92bb-4ca0-90fc-6f970bfaa2dd.htseq.counts.gz","795e7910-92bb-4ca0-90fc-6f970bfaa2dd.htseq.counts.gz","TCGA-67-4679-01B-01R-1755-07"
"3880c844-453a-47f0-a046-922baa28a07a.htseq.counts.gz","3880c844-453a-47f0-a046-922baa28a07a.htseq.counts.gz","TCGA-78-7155-01A-11R-2039-07"
"6e98ba8f-e00d-470c-832f-adc3dc6956a6.htseq.counts.gz","6e98ba8f-e00d-470c-832f-adc3dc6956a6.htseq.counts.gz","TCGA-05-4415-01A-22R-1858-07"
"2b856cba-b1b2-4d22-aed7-c5b8ab35415a.htseq.counts.gz","2b856cba-b1b2-4d22-aed7-c5b8ab35415a.htseq.counts.gz","TCGA-78-7536-01A-11R-2066-07"
"89105180-9922-43bc-81a9-7b43b11e5e20.htseq.counts.gz","89105180-9922-43bc-81a9-7b43b11e5e20.htseq.counts.gz","TCGA-69-7978-01A-11R-2187-07"
"12d1e7fb-44bc-4007-820d-a85c41d019df.htseq.counts.gz","12d1e7fb-44bc-4007-820d-a85c41d019df.htseq.counts.gz","TCGA-50-5944-01A-11R-1755-07"
"12fff07f-74d6-4ee0-9f4f-36a4d194d24f.htseq.counts.gz","12fff07f-74d6-4ee0-9f4f-36a4d194d24f.htseq.counts.gz","TCGA-MP-A4T8-01A-11R-A24X-07"
"6363e940-3a9d-49f3-adb0-e084be80d95d.htseq.counts.gz","6363e940-3a9d-49f3-adb0-e084be80d95d.htseq.counts.gz","TCGA-67-3773-01A-01R-0946-07"
"cecac722-4fe4-45e5-85e9-a4ce24c567b2.htseq.counts.gz","cecac722-4fe4-45e5-85e9-a4ce24c567b2.htseq.counts.gz","TCGA-44-2668-11A-01R-1758-07"
"8238188f-fb01-4f30-9f3f-6bec98625c63.htseq.counts.gz","8238188f-fb01-4f30-9f3f-6bec98625c63.htseq.counts.gz","TCGA-55-8091-01A-11R-2241-07"
"e7bacb69-34d7-476d-a124-5d015bec383d.htseq.counts.gz","e7bacb69-34d7-476d-a124-5d015bec383d.htseq.counts.gz","TCGA-97-8172-01A-11R-2287-07"
"d1eb4b3f-854c-459e-ba77-6ba6eccc3256.htseq.counts.gz","d1eb4b3f-854c-459e-ba77-6ba6eccc3256.htseq.counts.gz","TCGA-73-4668-01A-01R-1206-07"
"562cb51b-fef8-4d61-9067-9177a2249c45.htseq.counts.gz","562cb51b-fef8-4d61-9067-9177a2249c45.htseq.counts.gz","TCGA-50-5933-11A-01R-1755-07"
"e879390d-b662-4121-8137-e35bf208edac.htseq.counts.gz","e879390d-b662-4121-8137-e35bf208edac.htseq.counts.gz","TCGA-91-6836-01A-21R-1858-07"
"ae32fcc8-a1b7-47c8-b1c5-1e5cdbcf3725.htseq.counts.gz","ae32fcc8-a1b7-47c8-b1c5-1e5cdbcf3725.htseq.counts.gz","TCGA-05-4422-01A-01R-1206-07"
"55adf423-02a4-425b-b57d-2d804a96320d.htseq.counts.gz","55adf423-02a4-425b-b57d-2d804a96320d.htseq.counts.gz","TCGA-64-1677-01A-01R-0946-07"
"94da98fb-7e9f-4937-bf6b-dd6885258f7c.htseq.counts.gz","94da98fb-7e9f-4937-bf6b-dd6885258f7c.htseq.counts.gz","TCGA-73-4662-01A-01R-1206-07"
"f204f6b8-03fb-4464-922d-de9fffeff9d5.htseq.counts.gz","f204f6b8-03fb-4464-922d-de9fffeff9d5.htseq.counts.gz","TCGA-49-6745-11A-01R-1858-07"
"fda300eb-a8da-4665-bd1f-acf6e67bcaf4.htseq.counts.gz","fda300eb-a8da-4665-bd1f-acf6e67bcaf4.htseq.counts.gz","TCGA-MP-A4TF-01A-11R-A262-07"
"9bc59130-b619-4ac7-a87e-7342786311d0.htseq.counts.gz","9bc59130-b619-4ac7-a87e-7342786311d0.htseq.counts.gz","TCGA-L9-A5IP-01A-21R-A39D-07"
"e5ea329f-8042-479c-b8ff-fb752b6b44e0.htseq.counts.gz","e5ea329f-8042-479c-b8ff-fb752b6b44e0.htseq.counts.gz","TCGA-69-A59K-01A-11R-A262-07"
"a506e085-33bc-432c-bffc-5dd858bcfb3f.htseq.counts.gz","a506e085-33bc-432c-bffc-5dd858bcfb3f.htseq.counts.gz","TCGA-55-6984-01A-11R-1949-07"
"a72fb099-b61f-4691-a87e-7993172c9ddd.htseq.counts.gz","a72fb099-b61f-4691-a87e-7993172c9ddd.htseq.counts.gz","TCGA-44-A4SU-01A-11R-A24X-07"
"3799992f-2a2b-4a7b-8c21-f493764f4ce8.htseq.counts.gz","3799992f-2a2b-4a7b-8c21-f493764f4ce8.htseq.counts.gz","TCGA-67-3772-01A-01R-0946-07"
"33ccace3-8a24-44e8-a101-15bd1e8467fe.htseq.counts.gz","33ccace3-8a24-44e8-a101-15bd1e8467fe.htseq.counts.gz","TCGA-78-7162-01A-21R-2066-07"
"a22817b9-da0e-45cd-ba5d-3eb790e273cb.htseq.counts.gz","a22817b9-da0e-45cd-ba5d-3eb790e273cb.htseq.counts.gz","TCGA-67-6217-01A-11R-1755-07"
"26f62491-75cf-402b-af7a-663d4458ea17.htseq.counts.gz","26f62491-75cf-402b-af7a-663d4458ea17.htseq.counts.gz","TCGA-62-A46O-01A-11R-A24H-07"
"f387829d-a128-4eda-9d8a-10d63bb1ee9c.htseq.counts.gz","f387829d-a128-4eda-9d8a-10d63bb1ee9c.htseq.counts.gz","TCGA-50-6593-01A-11R-1755-07"
"3f52a1bb-997b-4ee0-b61b-8060e7d8666d.htseq.counts.gz","3f52a1bb-997b-4ee0-b61b-8060e7d8666d.htseq.counts.gz","TCGA-86-7953-01A-11R-2187-07"
"39a4a8d9-029d-46bb-8d3e-6edd0d4d1191.htseq.counts.gz","39a4a8d9-029d-46bb-8d3e-6edd0d4d1191.htseq.counts.gz","TCGA-55-6975-11A-01R-1949-07"
"55d79fa7-5feb-4c1a-9572-aaac7ba5eb7e.htseq.counts.gz","55d79fa7-5feb-4c1a-9572-aaac7ba5eb7e.htseq.counts.gz","TCGA-55-6971-01A-11R-1949-07"
"9b77c8a1-a670-4011-82d7-bc4cbab06486.htseq.counts.gz","9b77c8a1-a670-4011-82d7-bc4cbab06486.htseq.counts.gz","TCGA-44-6147-01A-11R-1755-07"
"fcecc36e-3b4e-4850-9003-fd573e08ec64.htseq.counts.gz","fcecc36e-3b4e-4850-9003-fd573e08ec64.htseq.counts.gz","TCGA-L9-A443-01A-12R-A24H-07"
"b2a65871-5e5e-40b2-9ba7-0181b57ac173.htseq.counts.gz","b2a65871-5e5e-40b2-9ba7-0181b57ac173.htseq.counts.gz","TCGA-86-8585-01A-11R-2403-07"
"9bab6023-8adb-4257-8c2a-88ddedf4a229.htseq.counts.gz","9bab6023-8adb-4257-8c2a-88ddedf4a229.htseq.counts.gz","TCGA-55-6968-01A-11R-1949-07"
"cb978bf0-8680-4e4b-a7db-9d644a0a0a9a.htseq.counts.gz","cb978bf0-8680-4e4b-a7db-9d644a0a0a9a.htseq.counts.gz","TCGA-86-8075-01A-11R-2241-07"
"3b7cb73f-d672-4d68-b28a-e01b82096ba4.htseq.counts.gz","3b7cb73f-d672-4d68-b28a-e01b82096ba4.htseq.counts.gz","TCGA-44-6147-01A-11R-A278-07"
"755f981f-f957-48ec-9779-cf9887e19ab0.htseq.counts.gz","755f981f-f957-48ec-9779-cf9887e19ab0.htseq.counts.gz","TCGA-05-4389-01A-01R-1206-07"
"b0a26c8d-9863-4352-8abe-dde66bdb8e55.htseq.counts.gz","b0a26c8d-9863-4352-8abe-dde66bdb8e55.htseq.counts.gz","TCGA-91-6847-01A-11R-1949-07"
"937cc0bd-e6b5-48c3-b336-66fe281385f5.htseq.counts.gz","937cc0bd-e6b5-48c3-b336-66fe281385f5.htseq.counts.gz","TCGA-44-6775-01A-11R-A278-07"
"2ef45476-2bea-4b74-9d97-a33898386d5e.htseq.counts.gz","2ef45476-2bea-4b74-9d97-a33898386d5e.htseq.counts.gz","TCGA-53-7813-01A-11R-2170-07"
"38546283-9872-45fd-b15d-c8b35c538264.htseq.counts.gz","38546283-9872-45fd-b15d-c8b35c538264.htseq.counts.gz","TCGA-55-8092-01A-11R-2241-07"
"d2bcb67d-17a5-476b-b35f-cf64f0eea72f.htseq.counts.gz","d2bcb67d-17a5-476b-b35f-cf64f0eea72f.htseq.counts.gz","TCGA-91-8497-01A-11R-2403-07"
"1916f968-78bb-4ac4-8ddf-0585132076a9.htseq.counts.gz","1916f968-78bb-4ac4-8ddf-0585132076a9.htseq.counts.gz","TCGA-50-5941-01A-11R-1755-07"
"f8d249c9-6792-47a0-a553-607ca1c76436.htseq.counts.gz","f8d249c9-6792-47a0-a553-607ca1c76436.htseq.counts.gz","TCGA-44-2668-01A-01R-0946-07"
"48c0be10-df66-4589-a91c-16e49398df71.htseq.counts.gz","48c0be10-df66-4589-a91c-16e49398df71.htseq.counts.gz","TCGA-97-A4M0-01A-11R-A24X-07"
"29326e2f-eab7-445d-93e7-9290731745e7.htseq.counts.gz","29326e2f-eab7-445d-93e7-9290731745e7.htseq.counts.gz","TCGA-55-8505-01A-11R-2403-07"
"447f0731-1dfc-4c5e-9641-43e2d0a2af43.htseq.counts.gz","447f0731-1dfc-4c5e-9641-43e2d0a2af43.htseq.counts.gz","TCGA-50-8460-01A-11R-2326-07"
"fdeae242-eff2-405a-bf00-1af2a6987479.htseq.counts.gz","fdeae242-eff2-405a-bf00-1af2a6987479.htseq.counts.gz","TCGA-73-4676-11A-01R-1755-07"
"7a490321-6070-4c3e-827f-2cecef3fc499.htseq.counts.gz","7a490321-6070-4c3e-827f-2cecef3fc499.htseq.counts.gz","TCGA-95-A4VN-01A-11R-A262-07"
"8eb179a6-a0af-4628-aae2-78800db3e9d8.htseq.counts.gz","8eb179a6-a0af-4628-aae2-78800db3e9d8.htseq.counts.gz","TCGA-L9-A8F4-01A-11R-A39D-07"
"ae3d90f2-e69b-4711-8e09-368c732cdc23.htseq.counts.gz","ae3d90f2-e69b-4711-8e09-368c732cdc23.htseq.counts.gz","TCGA-38-4632-01A-01R-1755-07"
"71dc5938-5e78-4d58-b218-e9f6eb6b0675.htseq.counts.gz","71dc5938-5e78-4d58-b218-e9f6eb6b0675.htseq.counts.gz","TCGA-50-5066-02A-11R-2090-07"
"220a9619-e17e-4529-bf80-9b99dbd49d21.htseq.counts.gz","220a9619-e17e-4529-bf80-9b99dbd49d21.htseq.counts.gz","TCGA-97-8547-01A-11R-2403-07"
"d179f9d5-0b8c-459e-9f47-271b25887c3c.htseq.counts.gz","d179f9d5-0b8c-459e-9f47-271b25887c3c.htseq.counts.gz","TCGA-49-6761-11A-01R-1949-07"
"2ddecb96-a7f4-4d9f-b6be-09685425275a.htseq.counts.gz","2ddecb96-a7f4-4d9f-b6be-09685425275a.htseq.counts.gz","TCGA-44-2666-01B-02R-A277-07"
"2133df71-b9a1-4b99-8eb7-0b7f9a1b5cc2.htseq.counts.gz","2133df71-b9a1-4b99-8eb7-0b7f9a1b5cc2.htseq.counts.gz","TCGA-73-7499-01A-11R-2187-07"
"5da55f22-6bc2-4c07-88f1-6516db69deb3.htseq.counts.gz","5da55f22-6bc2-4c07-88f1-6516db69deb3.htseq.counts.gz","TCGA-55-6981-11A-01R-1949-07"
"a28e1869-665e-43a9-8b05-ee0841b672df.htseq.counts.gz","a28e1869-665e-43a9-8b05-ee0841b672df.htseq.counts.gz","TCGA-69-8253-01A-11R-2287-07"
"be6f5b47-f164-4947-9b35-02f94248e462.htseq.counts.gz","be6f5b47-f164-4947-9b35-02f94248e462.htseq.counts.gz","TCGA-78-7167-01A-11R-2066-07"
"61f2d13b-a11b-48e2-ab4b-84ca27d54eb2.htseq.counts.gz","61f2d13b-a11b-48e2-ab4b-84ca27d54eb2.htseq.counts.gz","TCGA-L4-A4E6-01A-11R-A24H-07"
"ecc62f3c-7ddb-425d-9c68-e3ce3f5872f0.htseq.counts.gz","ecc62f3c-7ddb-425d-9c68-e3ce3f5872f0.htseq.counts.gz","TCGA-55-7574-01A-11R-2039-07"
"4cdd597f-ca43-4545-b84e-e5854c8a63c2.htseq.counts.gz","4cdd597f-ca43-4545-b84e-e5854c8a63c2.htseq.counts.gz","TCGA-50-5931-01A-11R-1755-07"
"64cf9ae1-d259-4d24-a448-37c00b7f9ded.htseq.counts.gz","64cf9ae1-d259-4d24-a448-37c00b7f9ded.htseq.counts.gz","TCGA-55-A491-01A-11R-A24H-07"
"e4de8f87-b9c8-4021-b29a-b7d128ff64a3.htseq.counts.gz","e4de8f87-b9c8-4021-b29a-b7d128ff64a3.htseq.counts.gz","TCGA-55-7816-01A-11R-2170-07"
"38ef59ed-8eb9-4957-a210-4d118df089ce.htseq.counts.gz","38ef59ed-8eb9-4957-a210-4d118df089ce.htseq.counts.gz","TCGA-62-A46Y-01A-11R-A24H-07"
"5abe9a73-0ec5-4d88-9aaf-1db6795f364d.htseq.counts.gz","5abe9a73-0ec5-4d88-9aaf-1db6795f364d.htseq.counts.gz","TCGA-86-8671-01A-11R-2403-07"
"5dbb0cb6-18b4-411e-bfd2-e0f6549dc78f.htseq.counts.gz","5dbb0cb6-18b4-411e-bfd2-e0f6549dc78f.htseq.counts.gz","TCGA-MP-A4TD-01A-32R-A262-07"
"f4eb983f-0eee-4c8a-9f72-b5382957d377.htseq.counts.gz","f4eb983f-0eee-4c8a-9f72-b5382957d377.htseq.counts.gz","TCGA-55-6970-01A-11R-1949-07"
"5eb38f95-cf76-4066-9a4f-df7c30728ff2.htseq.counts.gz","5eb38f95-cf76-4066-9a4f-df7c30728ff2.htseq.counts.gz","TCGA-86-A456-01A-11R-A24H-07"
"18860abf-6fac-490b-8bf2-b906ac1422a4.htseq.counts.gz","18860abf-6fac-490b-8bf2-b906ac1422a4.htseq.counts.gz","TCGA-49-AAQV-01A-11R-A39D-07"
"b600c271-e77b-4752-af07-08dd817ea601.htseq.counts.gz","b600c271-e77b-4752-af07-08dd817ea601.htseq.counts.gz","TCGA-49-6761-01A-31R-1949-07"
"022cbd07-3e20-4144-b2ab-8c76adffae73.htseq.counts.gz","022cbd07-3e20-4144-b2ab-8c76adffae73.htseq.counts.gz","TCGA-49-6745-01A-11R-1858-07"
"b29fd61e-8be4-4fe2-bd4d-fe54b1e1f8e0.htseq.counts.gz","b29fd61e-8be4-4fe2-bd4d-fe54b1e1f8e0.htseq.counts.gz","TCGA-95-8039-01A-11R-2241-07"
"b468a0f7-2b37-4988-a179-34870f3ff1fb.htseq.counts.gz","b468a0f7-2b37-4988-a179-34870f3ff1fb.htseq.counts.gz","TCGA-75-5146-01A-01R-1628-07"
"d81394e3-a55e-4b85-b13d-e3fa1806c800.htseq.counts.gz","d81394e3-a55e-4b85-b13d-e3fa1806c800.htseq.counts.gz","TCGA-44-2666-01A-01R-A278-07"
"2cea6dae-c807-428b-90c8-617b260d3975.htseq.counts.gz","2cea6dae-c807-428b-90c8-617b260d3975.htseq.counts.gz","TCGA-49-AAR2-01A-11R-A39D-07"
"780ab54f-9100-447b-ba9e-75480e7be3d9.htseq.counts.gz","780ab54f-9100-447b-ba9e-75480e7be3d9.htseq.counts.gz","TCGA-05-4382-01A-01R-1206-07"
"acec1346-4e7b-4e74-bc33-980e56dfafee.htseq.counts.gz","acec1346-4e7b-4e74-bc33-980e56dfafee.htseq.counts.gz","TCGA-05-4425-01A-01R-1755-07"
"e77c14e1-1e3f-4f01-992c-b1e68c365005.htseq.counts.gz","e77c14e1-1e3f-4f01-992c-b1e68c365005.htseq.counts.gz","TCGA-50-6594-01A-11R-1755-07"
"f98edf9e-796d-4eb5-b86a-8d41748279b8.htseq.counts.gz","f98edf9e-796d-4eb5-b86a-8d41748279b8.htseq.counts.gz","TCGA-62-A46P-01A-11R-A24H-07"
"7972a299-f3bb-43a5-b75f-a1cf3c998bc5.htseq.counts.gz","7972a299-f3bb-43a5-b75f-a1cf3c998bc5.htseq.counts.gz","TCGA-38-6178-01A-11R-1755-07"
"e95d6e6b-6aaf-4003-9dc6-4b464a9d1725.htseq.counts.gz","e95d6e6b-6aaf-4003-9dc6-4b464a9d1725.htseq.counts.gz","TCGA-55-6980-11A-01R-1949-07"
"c962af41-67e1-4e18-9d59-cee591ef98f9.htseq.counts.gz","c962af41-67e1-4e18-9d59-cee591ef98f9.htseq.counts.gz","TCGA-50-6595-11A-01R-1858-07"
"7f73a1b0-8b36-425c-90d6-c1daf18e4a18.htseq.counts.gz","7f73a1b0-8b36-425c-90d6-c1daf18e4a18.htseq.counts.gz","TCGA-86-A4JF-01A-11R-A24X-07"
"c763a179-e1ba-43a6-b34f-cbe73098e535.htseq.counts.gz","c763a179-e1ba-43a6-b34f-cbe73098e535.htseq.counts.gz","TCGA-49-6742-01A-11R-1858-07"
"d14e0a59-4f3a-4d92-9a54-82925bd470aa.htseq.counts.gz","d14e0a59-4f3a-4d92-9a54-82925bd470aa.htseq.counts.gz","TCGA-49-4505-01A-01R-1206-07"
"df652972-6474-474a-9745-4b58fff68744.htseq.counts.gz","df652972-6474-474a-9745-4b58fff68744.htseq.counts.gz","TCGA-55-8203-01A-11R-2241-07"
"994ba708-9a28-4e86-8dc0-f3626cb26b1e.htseq.counts.gz","994ba708-9a28-4e86-8dc0-f3626cb26b1e.htseq.counts.gz","TCGA-MN-A4N4-01A-12R-A24X-07"
"a3582f2d-7af3-45b4-9059-c1a9cb740b4e.htseq.counts.gz","a3582f2d-7af3-45b4-9059-c1a9cb740b4e.htseq.counts.gz","TCGA-93-8067-01A-11R-2287-07"
"a12ff0ad-8580-4cec-9e63-1175335f0316.htseq.counts.gz","a12ff0ad-8580-4cec-9e63-1175335f0316.htseq.counts.gz","TCGA-53-7626-01A-12R-2066-07"
"a571b078-2572-4b5a-b9be-52ad05085e1c.htseq.counts.gz","a571b078-2572-4b5a-b9be-52ad05085e1c.htseq.counts.gz","TCGA-44-8119-01A-11R-2241-07"
"27b42f71-0ef6-4774-85cc-3c8b32e55732.htseq.counts.gz","27b42f71-0ef6-4774-85cc-3c8b32e55732.htseq.counts.gz","TCGA-99-8032-01A-11R-2241-07"
"99ca2aaa-bc66-4673-843b-ddbabe680a12.htseq.counts.gz","99ca2aaa-bc66-4673-843b-ddbabe680a12.htseq.counts.gz","TCGA-75-5125-01A-01R-1755-07"
"f326a1fb-da0a-455b-8d52-c79c40274549.htseq.counts.gz","f326a1fb-da0a-455b-8d52-c79c40274549.htseq.counts.gz","TCGA-86-8054-01A-11R-2241-07"
